ID,SMILES,final_Abnormal Hepatic Fun _LOAEL,final_Cholecystiti_LOAEL,final_Cholelitiasi_LOAEL,final_Cholestasi_LOAEL,final_Hepatic Steatosi_LOAEL,final_HepatoBiliary disorder_LOAEL,final_Hepatomegaly_LOAEL
0,CCN1CCN(Cc2ccc(Nc3ncc(F)c(-c4cc(F)c5nc(C)n(C(C)C)c5c4)n3)nc2)CC1,0.403639476134199,0.403639476134199,,,0.403639476134199,,
1,CCCC(=O)Nc1ccc(OCC(O)CNC(C)C)c(C(C)=O)c1,-0.1984205151937633,,,,,,-0.3182862721014383
2,CC(O)=Nc1nnc(S(N)(=O)=O)s1,0.0056994674621615,,,,,,
3,CC(C)(C)C(=O)OCOP(=O)(COCCn1cnc2c(N)ncnc21)OCOC(=O)C(C)(C)C,1.227548217078518,,,,1.7002510191068947,,1.5927927741048995
4,CN(C)CC=CC(=O)Nc1cc2c(Nc3ccc(F)c(Cl)c3)ncnc2cc1OC1CCOC1,0.9695242394725848,,,,,,
5,COc1ccc2cccc(CCNC(C)=O)c2c1,0.8726142264645285,,,,,,
6,N=C(N)NC(=O)c1nc(Cl)c(N)nc1N,1.0981910277789324,,,,,,
7,Nc1ccc(C(=O)O)c(O)c1,-1.5214197976537602,,,,,,-1.37893022694073
8,CCCCc1oc2ccccc2c1C(=O)c1cc(I)c(OCCN(CC)CC)c(I)c1,-0.391998431486686,-0.1139588424196,,,,,-0.50386896354903
9,CC1/C=C\C=C/C=C\C=C/C=C\C=C/C=C\C(OC2OC(C)C(O)C(N)C2O)CC2OC(O)(CC(O)CC(O)C(O)CCC(O)CC(O)CC(=O)OC(C)C(C)C1O)CC(O)C2C(=O)O,1.909031564177295,1.9652224036280248,,,,,0.9644387809751503
10,O=C1CN2Cc3c(ccc(Cl)c3Cl)N=C2N1,1.9652224036280248,,,,,,
11,CCCCCOc1ccc(-c2ccc(-c3ccc(C(=O)NC4CC(O)C(O)NC(=O)C5C(O)C(C)CN5C(=O)C(C(C)O)NC(=O)C(C(O)C(O)c5ccc(O)cc5)NC(=O)C5CC(O)CN5C(=O)C(C(C)O)NC4=O)cc3)cc2)cc1,1.9652224036280248,0.2185604488628211,,1.863811612482896,,1.879013258160153,1.4349327925061883
12,COc1ccc(-n2nc(C(N)=O)c3c2C(=O)N(c2ccc(N4CCCCC4=O)cc2)CC3)cc1,1.3631624123000623,,,,,,
13,CC1CNc2c(cccc2S(=O)(=O)NC(CCCNC(=N)N)C(=O)N2CCC(C)CC2C(=O)O)C1,-0.0347775963719752,,,,,,-0.5650672074938118
14,O=C1CCc2ccc(OCCCCN3CCN(c4cccc(Cl)c4Cl)CC3)cc2N1,1.1870711532443812,1.04246918980714,1.1008620077765094,,,1.1008620077765094,1.1870711532443812
15,COC(=O)NC(C(=O)NC(Cc1ccccc1)C(O)CN(Cc1ccc(-c2ccccn2)cc1)NC(=O)C(NC(=O)OC)C(C)(C)C)C(C)(C)C,0.0621324166360812,0.3636547492123618,0.0495998013007596,0.4549416130885264,,0.5798803496968263,-0.2920411198382451
16,CC(C)c1c(C(=O)Nc2ccccc2)c(-c2ccccc2)c(-c2ccc(F)cc2)n1CCC(O)CC(O)CC(=O)O,0.5219418307834867,,,1.1539116174245452,,,
17,O=C1C(O)=C(C2CCC(c3ccc(Cl)cc3)CC2)C(=O)c2ccccc21,-0.991011124174264,,,,,,
18,CNC(=O)c1ccccc1Sc1ccc2c(C=Cc3ccccn3)n[nH]c2c1,1.8336442570614893,1.16639162660105,,,,,
19,CCC1OC(=O)C(C)C(OC2CC(C)(OC)C(O)C(C)O2)C(C)C(OC2OC(C)CC(N(C)C)C2O)C(C)(O)CC(C)CN(C)C(C)C(O)C1(C)O,0.1346742527254703,,,,,,
20,CC1C(NC(=O)C(=NOC(C)(C)C(=O)O)c2csc(N)n2)C(=O)N1S(=O)(=O)O,-0.5114065141793382,,,,,,
21,O=C(O)CCNC(=O)c1ccc(N=Nc2ccc(O)c(C(=O)O)c2)cc1,2.664684744876343,,,,,,
22,CC(C)(CCCCCC(O)CCCCCC(C)(C)C(=O)O)C(=O)O,0.2109320508616858,0.8017290993131827,0.3963872875254159,,,0.8017290993131827,
23,CCOC(=O)C(CCc1ccccc1)NC1CCc2ccccc2N(CC(=O)O)C1=O,1.4549416130885264,,,,,,
24,COc1ccc(NC(=O)c2ccc(C(=N)N(C)C)cc2)c(C(=O)Nc2ccc(Cl)cn2)c1,1.1539116174245452,0.7485698056367784,0.7485698056367784,,0.8512476441456969,0.7485698056367784,0.2819901478894737
25,CC(O)(CS(=O)(=O)c1ccc(F)cc1)C(=O)Nc1ccc(C#N)c(C(F)(F)F)c1,0.963321182223715,,,,,,0.6575529980058079
26,Cn1cnc2c(F)c(Nc3ccc(Br)cc3F)c(C(=O)NOCCO)cc21,1.0532022659478717,,,,,,
27,COc1ccccc1Oc1c(NS(=O)(=O)c2ccc(C(C)(C)C)cc2)nc(-c2ncccn2)nc1OCCO,0.5547497796206656,,,,,,
28,COc1cc(Nc2c(C#N)cnc3cc(OCCCN4CCN(C)CC4)c(OC)cc23)c(Cl)cc1Cl,-0.0473102117072967,,,,,,
29,CC(NC(C)(C)C)C(=O)c1cccc(Cl)c1,0.3026274293625415,,,,,,
30,CS(=O)(=O)OCCCCOS(C)(=O)=O,2.6036574250265225,,,,,,2.664684744876343
31,CNC(=O)c1ccc(-c2cnc3ncc(Cc4ccc5ncccc5c4)n3n2)cc1F,0.3026274293625415,,,,,,
32,CC(CS)C(=O)N1CCCC1C(=O)O,2.2993765330603457,,,,,,
33,NC(=O)N1c2ccccc2C=Cc2ccccc21,-0.5146998257803537,,,,,,
34,CN(C)C(=O)NC1CCC(CCN2CCN(c3cccc(Cl)c3Cl)CC2)CC1,1.5079457784308383,,,,,,
35,CCC(C)CC(C)CCCCCCCCC(=O)NC1CC(O)C(NCCN)NC(=O)C2C(O)CCN2C(=O)C(C(O)CCN)NC(=O)C(C(O)C(O)c2ccc(O)cc2)NC(=O)C2CC(O)CN2C(=O)C(C(C)O)NC1=O,0.7420289844642065,,,1.211903564402232,,,0.8065617526144652
36,CC1=C(C(=O)O)N2C(=O)C(NC(=O)C(N)c3ccc(O)cc3)C2SC1,1.3973582436439345,,,1.5798803496968263,,,
37,C=CC1=C(C(=O)O)N2C(=O)C(NC(=O)C(=NO)c3csc(N)n3)C2SC1,0.0963282479799532,,,0.1265361703068602,,,
38,CON=C(C(=O)NC1C(=O)N2C(C(=O)O)=C(C[N+]3(C)CCCC3)CSC12)c1csc(N)n1,-0.6621016743549638,-0.3963425749734773,,,,,
39,CC(C)(ON=C(C(=O)NC1C(=O)N2C(C(=O)[O-])=C(C[N+]3(CCNC(=O)c4ccc(O)c(O)c4Cl)CCCC3)CSC12)c1csc(N)n1)C(=O)O,-0.7231982464598223,-0.3963425749734773,-0.3963425749734773,-0.3963425749734773,-0.6702574662638392,-0.5466923645263408,-0.6493702030352592
40,CON=C(C(=O)NC1C(=O)N2C(C(=O)O)=C(CSc3nnnn3C)CSC12)c1csc(N)n1,-0.7231982464598223,,,-0.3963425749734773,,,
41,COC1(NC(=O)CSCC#N)C(=O)N2C(C(=O)O)=C(CSc3nnnn3C)CSC21,-1.0648808504143517,,,,,,
42,COCC1=C(C(=O)OC(C)OC(=O)OC(C)C)N2C(=O)C(NC(=O)C(=NOC)c3csc(N)n3)C2SC1,-0.3659108460783329,0.6036574250265226,0.6036574250265226,0.0015974336985602,,,
43,CC(C)(ON=C(C(=O)NC1C(=O)N2C(C(=O)[O-])=C(C[n+]3ccccc3)CSC12)c1csc(N)n1)C(=O)O,-0.939942113806052,,,-0.5724338340291585,,,
44,CON=C(C(=O)NC1C(=O)N2C(C(=O)OC(C)OC(C)=O)=C(COC(N)=O)CSC12)c1ccco1,-0.3363386433721665,,,-0.095312579309496,,,
45,CON=C(C(=O)NC1C(=O)N2C(C(=O)O)=C(COC(N)=O)CSC12)c1ccco1,-0.5978448869737221,,,,,,
46,Cc1ccc(-c2cc(C(F)(F)F)nn2-c2ccc(S(N)(=O)=O)cc2)cc1,-0.2692389148694435,,0.0015974336985602,,,,
47,NC(=O)OC(Cn1ncnn1)c1ccccc1Cl,0.0317910807945376,,0.3026274293625415,,0.2328325207281044,,
48,Cc1cc(Nc2ncc(Cl)c(Nc3ccccc3S(=O)(=O)C(C)C)n2)c(OC(C)C)cc1C1CCNCC1,-0.2303942616193336,,,-0.0985634756116919,,,
49,O=C(O)COCCN1CCN(C(c2ccccc2)c2ccc(Cl)cc2)CC1,1.6446670017723664,1.908818386167268,,2.077527783443989,,,
50,O=C(O)c1cn(C2CC2)c2cc(N3CCNCC3)c(F)cc2c1=O,0.0426739361192301,0.3026274293625415,0.3026274293625415,,,,0.3026274293625415
51,CN1CCCC1CCOC(C)(c1ccccc1)c1ccc(Cl)cc1,1.210165023412994,,,,,,
52,CN(C)CCCN1c2ccccc2CCc2ccc(Cl)cc21,0.3437039317832113,,,,,,
53,O=C(O)C1N=C(c2ccccc2)c2cc(Cl)ccc2NC1=O,0.7874014310159241,,,,,,
54,CC(Oc1cc(-c2cnn(C3CCNCC3)c2)cnc1N)c1c(Cl)ccc(F)c1Cl,0.2645226857355865,,,,,,
55,O=C(O)c1cc(=O)c2c(OCC(O)COc3cccc4oc(C(=O)O)cc(=O)c34)cccc2o1,2.1395839491272866,,,,,,
56,O=P1(N(CCCl)CCCl)NCCCO1,2.0426739361192303,,,2.077527783443989,,,1.9348810677864807
57,CCCCCCOC(=O)NC(=N)c1ccc(NCc2nc3cc(C(=O)N(CCC(=O)OCC)c4ccccn4)ccc3n2C)cc1,0.3992212596330427,,,,,0.1927996839617804,
58,CC(Cn1ccc(-c2ccc(C#N)c(Cl)c2)n1)NC(=O)c1cc(C(C)O)[nH]n1,-0.0365073099283946,,,,,,
59,CC(C)CN(CC(O)C(Cc1ccccc1)NC(=O)OC1COC2OCCC12)S(=O)(=O)c1ccc(N)cc1,-0.3375373055923759,,,,-0.2778588452148274,,-0.4453301739251248
60,O=C(O)c1ccc(-n2nc(-c3ccccc3O)nc2-c2ccccc2O)cc1,1.1395839491272866,,1.432118336403721,,1.1460328940853617,1.4546812703444607,1.144313396961599
61,Cc1c(O)c(=O)ccn1C,0.864092406125351,,0.7620049726893298,,,0.9281233084258008,2.0844845242779613
62,CC1(COc2ccc(N3CCC(Oc4ccc(OC(F)(F)F)cc4)CC3)cc2)Cn2cc([N+](=O)[O-])nc2O1,0.4381236738530699,,,,,0.803184571817501,
63,O=C(O)Cc1ccccc1Nc1c(Cl)cccc1Cl,0.5630624104613698,0.5407881411770266,0.7948596752897429,,,,0.2153837323008924
64,CCC1OC(=O)C(C)C(OC2CC(C)(OC)C(O)C(C)O2)C(C)C(OC2OC(C)CC(N(C)C)C2O)C(C)(O)CC(C)C2NC(COCCOC)OC(C2C)C1(C)O,2.43812367385307,,,,,,-0.3074950129794451
65,CN(CCOc1ccc(NS(C)(=O)=O)cc1)CCc1ccc(NS(C)(=O)=O)cc1,0.0432946721703228,,,,,,
66,O=C(OC1CC2CC3CC(C1)N2CC3=O)c1c[nH]c2ccccc12,1.839174689514398,,,,,,
67,CC(O)C1C(=O)N2C(C(=O)O)=C(SC3CNC(CNS(N)(=O)=O)C3)C(C)C12,1.5381446938504169,1.8512476441456969,1.9000945848255573,,,,
68,CNCCC(Oc1cccc2ccccc12)c1cccs1,0.3620534347947357,,,,0.6593408778927499,,0.3122937453089489
69,CN1CCc2nc(C(=O)NC3CC(C(=O)N(C)C)CCC3NC(=O)C(=O)Nc3ccc(Cl)cn3)sc2C1,0.6630834304587169,,,,,,
70,CC(C)(O)CNc1nc(Nc2ccnc(C(F)(F)F)c2)nc(-c2cccc(C(F)(F)F)n2)n1,0.6521389631699009,,,,,,
71,CCN(CC)C(=O)C(C#N)=Cc1cc(O)c(O)c([N+](=O)[O-])c1,-0.6488910324940802,,,,,,
72,CN1CCN(c2ccc(C(=O)Nc3n[nH]c4ccc(Cc5cc(F)cc(F)c5)cc34)c(NC3CCOCC3)c2)CC1,-0.4411115104632654,,,,,0.1042406452804152,
73,COC(=O)C1CC2=CC(=O)CCC2(C)C23OC2CC2(C)C(CCC24CCC(=O)O4)C13,0.3734159337450079,0.3360362404170486,,,,,
74,CCCCc1ncc(C=C(Cc2cccs2)C(=O)O)n1Cc1ccc(C(=O)O)cc1,-0.4047353166386356,0.5744439408889375,,,,,0.7609435502832728
75,CCC1OC(=O)C(C)C(OC2CC(C)(OC)C(O)C(C)O2)C(C)C(OC2OC(C)CC(N(C)C)C2O)C(C)(O)CC(C)C(=O)C(C)C(O)C1(C)O,0.2684665760386999,,,,,,
76,CCOC(=O)CCC(=O)OC1C(OC2C(C)C(OC3CC(C)(OC)C(O)C(C)O3)C(C)C(=O)OC(CC)C(C)(O)C(O)C(C)C(=O)C(C)CC2(C)O)OC(C)CC1N(C)C,2.1588835589553104,,,,,,
77,COc1ccc2[nH]c([S+]([O-])Cc3ncc(C)c(OC)c3C)nc2c1,1.4599135546192916,,0.9700771020950798,1.327722567604865,1.237784945859102,,
78,CC12CCC3c4ccc(O)cc4CCC3C1CCC2O,0.4879422782195351,-2.0113202986941445,2.0096684135040266,,,,
79,CCc1cccc2c3c([nH]c12)C(CC)(CC(=O)O)OCC3,0.0619735459472539,0.0678609473534804,0.4076084221760644,,,,
80,CCOC(=O)C=C(C)C=CC=C(C)C=Cc1c(C)cc(OC)c(C)c1C,2.3630035416112354,,,,,,
81,O=C1C(CCC(O)c2ccc(F)cc2)C(c2ccc(O)cc2)N1c1ccc(F)cc1,1.5603789474977496,1.630772529400142,1.7608550544394272,,,,
82,CCOC(=O)Nc1ccc(NCc2ccc(F)cc2)cc1N,2.119939573669237,2.326063317097838,2.283733799719765,,,,
83,N=C(CCSCc1csc(N=C(N)N)n1)NS(N)(=O)=O,1.2960308327249186,,,,,,
84,Cc1nc(-c2ccc(OCC(C)C)c(C#N)c2)sc1C(=O)O,0.2363970084139841,0.8149888270562189,0.2837337997197648,,0.7417088878665212,,1.106578426512083
85,CC(C)(C(=O)O)c1ccc(C(O)CCCN2CCC(C(O)(c3ccccc3)c3ccccc3)CC2)cc1,0.930487167456402,0.4533659127367395,0.2011455339537839,0.4533659127367395,,,0.7543959084007207
86,CCc1c(Cl)c(O)c(Cl)c(O)c1C(=O)OC1C(C)OC(OC/C2=C/C=C\CC(O)/C(C)=C\C(CC)C(OC3OC(C)(C)C(OC(=O)C(C)C)C(O)C3O)/C(C)=C\C(C)=C/CC(C(C)O)OC2=O)C(OC)C1O,0.7086384178400456,,,,,0.2878252349233181,
87,CCCCCCCCc1ccc(CCC(N)(CO)CO)cc1,2.310698409168008,,,,1.125655599126862,1.491945217579243,2.18342189132804
88,O=C(NCC1CCCCN1)c1cc(OCC(F)(F)F)ccc1OCC(F)(F)F,0.7086384178400456,,,,,,
89,Nc1nc(=O)[nH]cc1F,0.8335771544483456,,,,,,
90,CNCCC(Oc1ccc(C(F)(F)F)cc1)c1ccccc1,0.8357159310137259,1.2315171631203832,0.5245194468217311,,1.4429788424589256,,1.3308681242161169
91,COC1OC(COS(=O)(=O)O)C(OC2OC(C(=O)O)C(OC3OC(COS(=O)(=O)O)C(OC4OC(C(=O)O)C(OC5OC(COS(=O)(=O)O)C(O)C(O)C5NS(=O)(=O)O)C(O)C4O)C(OS(=O)(=O)O)C3NS(=O)(=O)O)C(O)C2OS(=O)(=O)O)C(O)C1NS(=O)(=O)O,1.994341792792301,,,,,,
92,COc1cc2ncnc(Nc3ccc(F)c(Cl)c3)c2cc1OCCCN1CCOCC1,0.3483882084306329,,,,,,
93,CON=C1CN(c2nc3c(cc2F)c(=O)c(C(=O)O)cn3C2CC2)CC1CN,0.2411782387827645,,,,,,
94,CCc1nc(C(N)=O)c(Nc2ccc(N3CCC(N4CCN(C)CC4)CC3)c(OC)c2)nc1NC1CCOCC1,0.4452982214386894,0.7086384178400456,-0.0419364726206035,,0.0008821688784747,0.0602696289572429,-0.1539159219508093
95,CCC1=C(C)CN(C(=O)NCCc2ccc(S(=O)(=O)NC(=O)NC3CCC(C)CC3)cc2)C1=O,1.843238230110727,,,2.106578426512084,,,
96,NC(=O)NO,1.260538043519884,,,,,,
97,C=CC(=O)N1CCCC(n2nc(-c3ccc(Oc4ccccc4)cc3)c3c(N)ncnc32)C1,0.114410007841646,0.1230789267047701,,0.1230789267047701,,0.0902328523346862,
98,CC(C)Cc1ccc(C(C)C(=O)O)cc1,-0.3243980690188371,,,,,,
99,CCC=CCC=CCC=CCC=CCC=CCCCC(=O)OCC,-1.1371184576436602,,,,,,
100,Cc1ccc(NC(=O)c2ccc(CN3CCN(C)CC3)cc2)cc1Nc1nccc(-c2cccnc2)n1,-0.4961404002853279,-0.2778588452148274,-0.2778588452148274,,,-0.4906378399233381,
101,CN(C)CCCN1c2ccccc2CCc2ccccc21,0.2308583276509344,,,,,,
102,CCCCC1=NC2(CCCC2)C(=O)N1Cc1ccc(-c2ccccc2-c2nnn[nH]2)cc1,0.2308583276509344,,,,,,
103,CNCC(=O)OCc1cccnc1N(C)C(=O)OC(C)[n+]1cnn(CC(O)(c2cc(F)ccc2F)C(C)c2nc(-c3ccc(C#N)cc3)cs2)c1,1.3277683406589909,1.8470798913934725,,0.4452982214386894,,1.4794391369567528,1.7211453414408908
104,CCC(C)n1ncn(-c2ccc(N3CCN(c4ccc(OCC5COC(Cn6cncn6)(c6ccc(Cl)cc6Cl)O5)cc4)CC3)cc2)c1=O,0.1059195910426344,,0.3242011461131349,0.1355993069115841,,,0.2878252349233181
105,N#Cc1ccnc(N2C(=O)CCC2C(=O)N(c2cncc(F)c2)C(C(=O)NC2CC(F)(F)C2)c2ccccc2Cl)c1,-0.0492720870123233,,,,,,
106,CC(C(=O)O)c1cccc(C(=O)c2ccccc2)c1,1.979296784337428,,,,0.092108061101105,,
107,COCC(NC(C)=O)C(=O)NCc1ccccc1,-0.1967944747182536,,-0.1529201086065275,,,0.0814991282847152,
108,Nc1nnc(-c2cccc(Cl)c2Cl)c(N)n1,-0.1967944747182536,,-0.0737388625589026,,,0.0814991282847152,
109,Cc1c(OCC(F)(F)F)ccnc1C[S+]([O-])c1nc2ccccc2[nH]1,0.8032055252817464,0.7626368907933829,0.9212314271135938,0.9298283319869532,,,
110,CS(=O)(=O)CCNCc1ccc(-c2ccc3ncnc(Nc4ccc(OCc5cccc(F)c5)c(Cl)c4)c3c2)o1,-0.5947344833902912,-0.3639560530626521,,-0.2920204176294032,-0.782953202290595,,
111,COc1cc2nccc(Oc3ccc(NC(=O)NC4CC4)c(Cl)c3)c2cc1C(N)=O,1.201145533953784,1.1854099294059788,1.48643992506996,,2.2722231883482644,,
112,COc1cccc(N2CCN(C3=Nc4c(F)cccc4C(CC(=O)O)N3c3cc(C(F)(F)F)ccc3OC)CC2)c1,-0.0998844617101972,,,,,,
113,CC1COc2c(N3CCN(C)CC3)c(F)cc3c(=O)c(C(=O)O)cn1c23,-0.2713605705223441,0.2098483818312493,-0.267272872888413,2.026692571940884,0.0627135686805871,,
114,CCCCCCCCCCCCCCCC(=O)NC(CCC(=O)NCCCCC(NC(=O)C(C)NC(=O)C(C)NC(=O)C(CCC(N)=O)NC(=O)CNC(=O)C(CCC(=O)O)NC(=O)C(CC(C)C)NC(=O)C(Cc1ccc(O)cc1)NC(=O)C(CO)NC(=O)C(CO)NC(=O)C(NC(=O)C(CC(=O)O)NC(=O)C(CO)NC(=O)C(NC(=O)C(Cc1ccccc1)NC(=O)C(NC(=O)CNC(=O)C(CCC(=O)O)NC(=O)C(C)NC(=O)C(N)Cc1cnc[nH]1)C(C)O)C(C)O)C(C)C)C(=O)NC(CCC(=O)O)C(=O)NC(Cc1ccccc1)C(=O)NC(C(=O)NC(C)C(=O)NC(Cc1c[nH]c2ccccc12)C(=O)NC(CC(C)C)C(=O)NC(C(=O)NC(CCCNC(=N)N)C(=O)NCC(=O)NC(CCCNC(=N)N)C(=O)NCC(=O)O)C(C)C)C(C)CC)C(=O)O,1.5245194468217311,2.1306671357836247,1.552806572215081,1.8048895953786528,1.5398348234002497,2.09501583870338,
115,CCOC(=O)N1CCC(=C2c3ccc(Cl)cc3CCc3cccnc32)CC1,1.7467493728817125,,,,,,
116,CC1Oc2cc(cnc2N)-c2c(nn(C)c2C#N)CN(C)C(=O)c2ccc(F)cc21,0.7467493728817123,0.4558965592070245,,,0.4717697586725696,,
117,CCCCCCOC(C)c1cccc(-c2csc(NC(=O)c3cc(Cl)c(C=C(C)C(=O)O)c(Cl)c3)n2)c1OC,2.26962811816205,,,,,,
118,Cc1cnc(NC(=O)C2=C(O)c3ccccc3S(=O)(=O)N2C)s1,1.7467493728817125,,,,,,
119,CC(O)C1C(=O)N2C(C(=O)O)=C(SC3CNC(C(=O)N(C)C)C3)C(C)C12,0.6675681268340874,,,,,,1.1364621326124122
120,Nc1ccc(O)c(C(=O)O)c1,-0.9522206314543066,-1.2146550361416963,,,,,
121,COC(=O)C(c1ccccc1)C1CCCCN1,2.151631308549184,,,,0.7393759988496011,,
122,Cc1cccc(C)c1OCC(C)N,2.151631308549184,,,,,,
123,CCCCCOc1ccc(-c2cc(-c3ccc(C(=O)NC4CC(O)C(O)NC(=O)C5C(O)C(C)CN5C(=O)C(C(O)CC(N)=O)NC(=O)C(C(O)C(O)c5ccc(O)c(OS(=O)(=O)O)c5)NC(=O)C5CC(O)CN5C(=O)C(C(C)O)NC4=O)cc3)no2)cc1,1.929782558932828,0.3913680088070647,1.1909152219152617,1.666586897212372,0.4626824424930075,1.1434956947013926,0.4374921282763934
124,CCCCN1CC(O)C(O)C(O)C1CO,0.1481098870574536,,,,,,
125,CCN(CC)C(=O)C1(c2ccccc2)CC1CN,0.2645911754536036,,0.5286071444556621,,0.3377437058847076,,
126,CCCCCCCCCCCCCCCCOP(=O)([O-])OCC[N+](C)(C)C,0.4866382481490909,,,,,,
127,Nc1nc(CC(=O)Nc2ccc(CCNCC(O)c3ccccc3)cc2)cs1,0.2446741145935661,,,,,,
128,CC1CC2C3CCC4=CC(=O)C=CC4(C)C3(Cl)C(O)CC2(C)C1(OC(=O)c1ccco1)C(=O)CCl,0.2446741145935661,,,,,,
129,COC1(NC(=O)C(C(=O)O)c2ccc(O)cc2)C(=O)N2C(C(=O)O)=C(CSc3nnnn3C)COC21,-0.7553258854064339,,,,,,
130,COc1c(C)c2c(c(O)c1CC=C(C)CCC(=O)OCCN1CCOCC1)C(=O)OC2,-1.130973738413181,,,,,,
131,Cc1ccnc2c1NC(=O)c1cccnc1N2C1CC1,2.35251534964503,,-0.6283919158351383,,,,0.9973676590231544
132,COC(=O)C1=C(C)NC(C)=C(C(=O)OCCN(C)Cc2ccccc2)C1c1cccc([N+](=O)[O-])c1,1.051485353981049,,,,,,
133,Cc1cn(-c2cc(NC(=O)c3ccc(C)c(Nc4nccc(-c5cccnc5)n4)c3)cc(C(F)(F)F)c2)cn1,-0.213475719325047,,-0.8044831748908196,-0.2743374237230974,,,-0.099448540168741
134,O=C1CCCC(=O)C1C(=O)c1ccc(C(F)(F)F)cc1[N+](=O)[O-],2.115758579184873,,,,,,2.072306892725852
135,CN1Cc2c(N)cccc2C(c2ccccc2)C1,0.3825291239486965,,,,,,
136,CNCCC=C1c2ccccc2CCc2ccccc21,0.6835591196126777,,,,,,
137,Cc1cc2c(s1)Nc1ccccc1N=C2N1CCN(C)CC1,1.5586203830043777,,1.5721370934230423,1.929782558932828,1.235451428557185,,1.6447988748584648
138,CN(C)CCC=C1c2ccccc2COc2ccc(CC(=O)O)cc21,2.16068037433234,,,,,,
139,CCCCCCCCCCCC(CC1OC(=O)C1CCCCCC)OC(=O)C(CC(C)C)NC=O,0.6593408778927499,0.5445981803431302,0.4929558473754173,,0.4596336954754582,,0.56561762881084
140,CCOC(=O)C1=CC(OC(CC)CC)C(NC(C)=O)C(N)C1,0.396045834367361,0.7909331892087719,,,0.663753678131383,0.8269890990317587,
141,C=CC(=O)Nc1cc(Nc2nccc(-c3cn(C)c4ccccc34)n2)c(OC)cc1N(C)CCN(C)C,0.6690471064310987,,,,,0.8293206617324834,
142,NC(=O)N1c2ccccc2CC(=O)c2ccccc21,-0.9841654073442452,,-0.8080741482885638,,,,-0.9115036259088224
143,Fc1ccc(C2CCNCC2COc2ccc3c(c2)OCO3)cc1,0.8528791333687287,1.395767454164492,0.7187418822235421,,,,
144,Cc1ccc(Nc2nccc(N(C)c3ccc4c(C)n(C)nc4c3)n2)cc1S(N)(=O)=O,-0.1751495902315148,,,,,,
145,N=C1NC(=O)C(c2ccccc2)O1,1.8036414468232027,,,,,,
146,CC(C)(S)C(N)C(=O)O,-0.4973885488407786,,,2.514323242751529,,,
147,O=C1NC(=O)C(c2ccccc2)(c2ccccc2)N1,1.8036414468232027,,,,,,1.8246256034628807
148,CC(N=C(NC#N)Nc1ccncc1)C(C)(C)C,0.3265201921035401,2.157394807995148,,,,,
149,CCc1ccc(CCOc2ccc(CC3SC(=O)NC3=O)cc2)nc1,0.8493989373838777,0.8052122898837849,0.9142467540874024,,,1.3282617819647895,
150,CC(C)(C)NCC(O)c1ccc(O)c(CO)n1,2.319671211583421,,,,,,
151,Cc1ccc(=O)n(-c2ccccc2)c1,-0.8888180669971846,,,,,,
152,O=C(O)CC(O)CC(O)C=Cc1c(C2CC2)nc2ccccc2c1-c1ccc(F)cc1,2.3439744819435075,,,,2.034884025672014,,
153,CCC(C(C)O)n1ncn(-c2ccc(N3CCN(c4ccc(OCC5COC(Cn6cncn6)(c6ccc(F)cc6F)C5)cc4)CC3)cc2)c1=O,0.0216925821340575,0.1573948079951474,0.2664292721987648,-0.013204760740663,0.3359140213359953,,-0.3794943791930439
154,CCCNC1CCc2nc(N)sc2C1,1.9248094220547365,2.2825042914041145,1.8684892635267272,,,,
155,CC(=O)Oc1cc2c(s1)CCN(C(C(=O)C1CC1)c1ccccc1F)C2,1.623779426390755,,,,,,
156,CCCNCC(O)COc1ccccc1C(=O)CCc1ccccc1,-0.4306469016404253,,-0.009271909819653,,,,0.1156199080725952
157,CNCCCC1c2ccccc2C=Cc2ccccc21,0.9215356164709372,,,,,,
158,OCCOCCN1CCN(C2=Nc3ccccc3Sc3ccccc32)CC1,-0.3514656555928004,-0.0410307309439327,0.1676776201388023,,-0.0551263920636455,,0.0907963243475631
159,C=CC1CN2CCC1CC2C(O)c1ccnc2ccc(OC)cc12,2.3911051430609365,,,2.2512706785989622,,,
160,COCCCOc1ccnc(C[S+]([O-])c2nc3ccccc3[nH]2)c1C,1.5671964021166178,1.48192538728322,1.3437688791944835,,1.8252936669681568,,
161,O=C(c1ccc(OCCN2CCCCC2)cc1)c1c(-c2ccc(O)cc2)sc2cc(O)ccc12,1.0900751473969554,0.7037741368995762,0.56561762881084,,,,
162,CCOC(=O)C(CCc1ccccc1)NC(C)C(=O)N1C(C(=O)O)CC2CCCC21,2.4010203667594774,,,,,,
163,CNC(=C[N+](=O)[O-])NCCSCc1ccc(CN(C)C)o1,2.099990371095497,,0.1419313588907619,,,,
164,CNC(=O)c1cc(Oc2ccc(NC(=O)Nc3ccc(Cl)c(C(F)(F)F)c3)c(F)c2)ccn1,0.4979303797675339,1.0347673559410009,0.4196594437348303,0.5242719506627002,,,
165,CONC(=O)Nc1ccc(-c2sc3c(c2CN(C)C)c(=O)n(-c2ccc(OC)nn2)c(=O)n3Cc2c(F)cccc2F)cc1,0.622869116375834,,,,,,
166,CCOc1cc(CC(=O)NC(CC(C)C)c2ccccc2N2CCCCC2)ccc1C(=O)O,1.497930379767534,,,,,,
167,NC(=O)c1ncn(C2OC(CO)C(O)C2O)n1,1.5259591033677775,,-0.3729049302318505,,,,-0.7529899789131518
168,COC1/C=C\OC2(C)Oc3c(C)c(O)c4c(O)c(c5c(nc6cc(C)ccn65)c4c3C2=O)NC(=O)/C(C)=C\C=C/C(C)C(O)C(C)C(O)C(C)C(OC(C)=O)C1C,0.0999903710954963,,,,,2.2259279689771017,
169,Nc1nc2ccc(OC(F)(F)F)cc2s1,0.4010203667594775,0.2835940525430993,,0.7283919333186248,,,
170,Cc1nc2n(c(=O)c1CCN1CCC(c3noc4cc(F)ccc34)CC1)CCCC2,1.923899112039815,1.3531910807814822,1.359955181297728,,0.706350738028585,,0.6941680524290674
171,O=C(NCC1CN(c2ccc(N3CCOCC3=O)cc2)C(=O)O1)c1ccc(Cl)s1,1.4544545815857473,1.2562810677734255,1.2630451682896715,1.7283919333186248,1.4053207423646037,1.4220988063161988,1.5471320155777204
172,CCN(C)C(=O)Oc1cccc(C(C)N(C)C)c1,1.6763033312021036,1.6439475559325551,,,1.326139496316979,2.246355762077432,2.5732531840122457
173,CN(CCOc1ccc(CC2SC(=O)NC2=O)cc1)c1ccccn1,1.5816225919023734,,,,,,
174,CC(C)(C)NC(=O)C1CC2CCCCC2CN1CC(O)C(Cc1ccccc1)NC(=O)C(CC(N)=O)NC(=O)c1ccc2ccccc2n1,-0.330490194186602,,,-1.1395139259184333,,,-0.4102569888806193
175,CC(C)N(CCCCOCC(=O)NS(C)(=O)=O)c1cnc(-c2ccccc2)c(-c2ccccc2)n1,-0.5865975432848539,,,,-0.8437898002563196,-0.6676385584347587,
176,CC(Cc1cc2c(c(C(N)=O)c1)N(CCCO)CC2)NCCOc1ccccc1OCC(F)(F)F,1.8134383684624087,,,,,,
177,COC1CC2CCC(C)C(O)(O2)C(=O)C(=O)N2CCCCC2C(=O)OC(C(C)CC2CCC(O)C(OC)C2)CC(=O)C(C)/C=C(/C)C(O)C(OC)C(=O)C(C)CC(C)/C=C\C=C/C=C\1C,2.166688778023349,,,,,,
178,CNC(=O)c1cc(Oc2ccc(NC(=O)Nc3ccc(Cl)c(C(F)(F)F)c3)cc2)ccn1,0.2635987910314054,-0.3642750454688605,,,,,
179,CCOC(=O)C(CCc1ccccc1)NC(C)C(=O)N1CC2(CC1C(=O)O)SCCS2,1.485447540647762,,,,,,
180,O=C(O)c1cc(N=Nc2ccc(S(=O)(=O)Nc3ccccn3)cc2)ccc1O,1.166688778023349,,,,,,
181,CCN(CC)CCNC(=O)c1c(C)[nH]c(C=C2C(=O)Nc3ccc(F)cc32)c1C,0.9905975189676678,0.663753678131383,,,,0.661420160829466,
182,C=CCC1/C=C(/C)CC(C)CC(OC)C2OC(O)(C(=O)C(=O)N3CCCCC3C(=O)OC(C(C)=CC3CCC(O)C(OC)C3)C(C)C(O)CC1=O)C(C)CC2OC,2.458418254509999,,,2.0153988792759048,1.4880253637221366,,
183,CN1CC(=O)N2C(Cc3c([nH]c4ccccc34)C2c2ccc3c(c2)OCO3)C1=O,1.86772786862242,1.839844937187064,0.6121817828314109,,,,
184,CCC1OC(=O)C(C)C(=O)C(C)C(OC2OC(C)CC(N(C)C)C2O)C(C)(OC)CC(C)C(=O)C(C)C2N(CCCCn3cnc(-c4cccnc4)c3)C(=O)OC12C,-0.3363921140335047,,,,,,
185,CCCc1nc2c(C)cc(-c3nc4ccccc4n3C)cc2n1Cc1ccc(-c2ccccc2C(=O)O)cc1,0.6636078859664952,,,,,,
186,CC(O)=C(C#N)C(=O)Nc1ccc(C(F)(F)F)cc1,1.4190182086857113,1.679165631289919,1.636827347268963,1.6474220939813102,2.428049362031698,1.7551569692757256,1.6551137270899985
187,CN(C)c1cc(NC(=O)CNC(C)(C)C)c(O)c2c1CC1CC3C(N(C)C)C(O)=C(C(N)=O)C(=O)C3(O)C(O)=C1C2=O,1.4859649983163246,,,0.7020503624234588,,,
188,Clc1ccc2nsnc2c1NC1=NCCN1,0.8788854701365377,,,1.1457478616561716,,,
189,Cc1ccccc1C(=O)Nc1ccc(C(=O)N2CCCC(O)c3cc(Cl)ccc32)c(C)c1,0.3560067248562001,,,,,,
190,CC1(C)OC2COC3(COS(N)(=O)=O)OC(C)(C)OC3C2O1,-0.4679020160881186,0.0676946828525011,-0.5722205112503018,,1.574177397709936,,0.8375114198851473
191,CCOC(=O)C(CCc1ccccc1)NC(C)C(=O)N1C(C(=O)O)CC2CCCCC21,1.8331279795758624,1.905531446716997,2.1991817714402737,,2.295478582826456,,
192,COC1CC(OC2C(C)C(=O)OC(C)C(C)C(OC(C)=O)C(C)C(=O)C3(CO3)CC(C)C(OC3OC(C)CC(N(C)C)C3OC(C)=O)C2C)OC(C)C1OC(C)=O,1.8563648123311665,,,,,,
193,CC(=O)OC1(C(C)=O)CCC2C3CCC4=CC(=O)CCC4=C3C(c3ccc(N(C)C)cc3)CC21C,1.4584248036591283,,1.5002117671042552,,,,
194,CC(C)Oc1ccc(-c2nn(C(C)c3oc4ccc(F)cc4c(=O)c3-c3cccc(F)c3)c3ncnc(N)c23)cc1F,-0.7056685166591846,,,,,,
195,CC(C)C(N)C(=O)OCC(CO)OCn1cnc2c(=O)[nH]c(N)nc21,-0.4046385209952034,,,,,,
196,CCCS(=O)(=O)Nc1ccc(F)c(C(=O)c2c[nH]c3ncc(-c4ccc(Cl)cc4)cc23)c1F,-0.3700894502081575,,-0.397647184832488,-0.2513856430946811,,,
197,O=C(Nc1ccc(CC2CCC(C(O)c3ccccc3)N2)cc1)C1CCc2nccc(=O)n21,0.6068641238915198,,,,,,
198,Nc1ncnc2c1ncn2C1OC(CO)C(O)C1O,1.48192538728322,,,,,,
199,C=CC(N)CCC(=O)O,0.5788354002912762,-1.0075039206380885,-1.2208401869462366,-1.0472656604387565,,,-1.239336308860561
200,N#CC1CCCN1C(=O)CNC12CC3CC(CC(O)(C3)C1)C2,0.5282171543435388,,0.858341059101388,,,1.2121076655476588,
201,CCOC(=O)NC1CCC2C(C1)CC1C(=O)OC(C)C1C2C=Cc1ccc(-c2cccc(F)c2)cn1,1.82924715000752,1.9163149520750933,,,,2.212107665547659,
202,CC(c1ncncc1F)C(O)(Cn1cncn1)c1ccc(F)cc1F,1.898151775776293,1.831896423836053,1.478129817389782,1.327757280697592,,,1.6357249545311394
203,COc1cc(C(=O)NS(=O)(=O)c2ccccc2C)ccc1Cc1cn(C)c2ccc(NC(=O)OC3CCCC3)cc12,1.5002117671042552,,,,,,0.6357249545311394
204,Nc1ccn(C2CCC(CO)O2)c(=O)n1,1.1022717584322177,1.6651676987691029,,,,,1.1408749328510457
205,CC(=O)NC1C(NC(=N)N)C=C(C(=O)O)OC1C(O)C(O)CO,-0.2779394832793885,,,,,,
206,CC(c1cc2ccccc2s1)N(O)C(N)=O,-0.5789694789433698,0.2849564570574968,,,,,-0.2393363088605606
207,Cc1ccc(-c2nc3ccc(C)cn3c2CC(=O)N(C)C)cc1,1.5002117671042552,,,,,,
208,Cc1cc(CC(=O)O)n(C)c1C(=O)c1ccc(Cl)cc1,0.0230905123845926,,-0.0550224484034635,,,,
209,NS(=O)(=O)Cc1noc2ccccc12,1.5971217801123114,0.0421190975541953,0.0319155856088684,,,,
210,CC#CC(=O)N1CCCC1c1nc(-c2ccc(C(=O)Nc3ccccn3)cc2)c2c(N)nccn12,,1.257511440455961,,,,1.2207775140640411,
211,COc1cc(C)c(C=CC(C)=CC=CC(C)=CC(=O)O)c(C)c1C,,0.9689655410702416,0.8148280432311283,0.8148280432311283,0.8148280432311283,,0.8858337105544865
212,Cc1[nH]cnc1CN1CCc2c(c3ccccc3n2C)C1=O,,2.664192407964044,,,,,
213,CC(C)(C#N)c1cc(Cn2cncn2)cc(C(C)(C)C#N)c1,,2.664192407964044,2.577983262496172,,,,
214,NC(=O)C[S+]([O-])C(c1ccccc1)c1ccccc1,,0.4357042483894515,0.0694816135929937,,,,
215,CCOc1nc2cccc(C(=O)OCc3oc(=O)oc3C)c2n1Cc1ccc(-c2ccccc2C2=NOC(O)N2)cc1,,0.865361630937069,1.0495998013007597,,,,
216,CCC(=O)OCC(=O)C1(OC(=O)CC)C(C)CC2C3CCC4=CC(=O)C=CC4(C)C3(Cl)C(O)CC21C,,0.5518516260965828,-0.5524601900272027,,,,
217,CC(C)(C)NC(=O)NC(C(=O)N1CC2C(C1C(=O)NC(CC1CCC1)C(=O)C(N)=O)C2(C)C)C(C)(C)C,,-0.7285514490828839,,,,-0.7285514490828839,
218,O=c1ccc2ccc(OCCCCN3CCN(c4cccc5sccc45)CC3)cc2[nH]1,,2.17453853790906,2.17453853790906,,,2.3026274293625417,
219,CC(C)CC1C(=O)N2CCCC2C2(O)OC(NC(=O)C3C=C4c5cccc6[nH]c(Br)c(c56)CC4N(C)C3)(C(C)C)C(=O)N12,,1.6974172831893972,1.4824876901434687,,,,
220,COC12CCC3(CC1C(C)(O)C(C)(C)C)C1Cc4ccc(O)c5c4C3(CCN1CC1CC1)C2O5,,1.3506297969647407,0.9952863028640692,,,1.3966961468823629,
221,CC1COC2Cn3cc(C(=O)NCc4ccc(F)cc4F)c(=O)c(O)c3C(=O)N12,,0.0495998013007596,0.8191950438083879,,0.8526212790164984,-0.0648808504143517,
222,COc1ccccc1OCCNCC(O)COc1cccc2[nH]c3ccccc3c12,,1.205717416354485,,,,,
223,CC(C)C(=O)OCC(=O)C12OC(C3CCCCC3)OC1CC1C3CCC4=CC(=O)C=CC4(C)C3C(O)CC12C,,0.6036574250265226,,,,,
224,CN(C)CCCC1(c2ccc(F)cc2)OCc2cc(C#N)ccc21,,1.0015974336985602,1.0015974336985602,,,,
225,Nc1nc(Cl)nc2c1ncn2C1CC(O)C(CO)O1,,1.790744068383667,1.5067474120184663,,,1.3178018443854198,
226,Cc1nc2c([nH]1)-c1ccccc1N(C(=O)c1ccc(NC(=O)c3ccccc3-c3ccccc3)cc1)CC2,,0.6840370374865198,0.634089153921667,0.8734078007880646,,,0.7307610851305565
227,Cc1nc(Nc2ncc(C(=O)Nc3c(C)cccc3Cl)s2)cc(N2CCN(CCO)CC2)n1,,0.6382381635977914,,0.6303697521017702,,,
228,O=c1[nH]cnc2c1ncn2C1CCC(CO)O1,,-0.3378821224780894,-0.2051403247102572,,,,-0.4835862720351263
229,COc1cc2c(cc1OC)C(=O)C(CC1CCN(Cc3ccccc3)CC1)C2,,1.5371791409136106,1.630772529400142,,,,
230,Cn1c(Cn2ccc(C(F)(F)F)c(Oc3cc(Cl)cc(C#N)c3)c2=O)n[nH]c1=O,,0.5371791409136106,,,,,
231,CN1CCCC1Cc1c[nH]c2ccc(CCS(=O)(=O)c3ccccc3)cc12,,0.8126518660655138,1.6324457766480656,,,,
232,CCCCCCCC(=O)NC(CN1CCCC1)C(O)c1ccc2c(c1)OCCO2,,0.5396505940017761,1.359444504584328,,0.5624308648846934,0.8335771544483456,0.4108525607736957
233,CC(O)C1C(=O)N2C(C(=O)O)=C(SC3CNC(C(=O)Nc4cccc(C(=O)O)c4)C3)C(C)C12,,-0.1245260634470813,0.0096684135040267,,,,
234,C#CC1(O)CCC2C3CCC4=CC(=O)CCC4C3C(=C)CC21CC,,0.8374120259752066,0.9138193043964342,,,,
235,COC1CC2CCC(C)C(O)(O2)C(=O)C(=O)N2CCCCC2C(=O)OC(C(C)CC2CCC(OCCO)C(OC)C2)CC(=O)C(C)/C=C(/C)C(O)C(OC)C(=O)C(C)CC(C)/C=C\C=C/C=C\1C,,1.6699209386814429,,,,1.8823918956640588,
236,C=C1CC2C(CCC3(C)C(=O)CCC23)C2(C)C=CC(=O)C=C12,,1.3045861654318132,,,,,
237,CCOC(=O)C1=C(C)NC(C)=C(C(=O)OC)C1c1cccc(Cl)c1Cl,,1.4124882674696655,1.459825058775446,1.2960308327249186,,,
238,CC(C)OC(=O)C(C)(C)Oc1ccc(C(=O)c2ccc(Cl)cc2)cc1,,0.5325471587843643,0.2837337997197648,,,,0.5325471587843643
239,CC(C(=O)O)c1ccc(-c2ccccc2)c(F)c1,,0.5325471587843643,,,,,
240,CCC(=O)OC1(C(=O)SCF)C(C)CC2C3CC(F)C4=CC(=O)C=CC4(C)C3(F)C(O)CC21C,,0.0096684135040267,-0.5723905661863252,,,,
241,COc1ccc2c3c1OC1C(=O)CCC4C(C2)N(C)CCC314,,1.0554259040647018,0.6570335317154153,0.7845634085663444,,,
242,CN1CCC23c4c5ccc(O)c4OC2C(=O)CCC3C1C5,,1.6294571717924209,,,,,0.7211453414408907
243,N=C(N)NCCCC(N)C(=O)NC(CCCNC(=N)N)C(=O)N1CCCC1C(=O)N1CC(O)CC1C(=O)NCC(=O)NC(Cc1cccs1)C(=O)NC(CO)C(=O)N1Cc2ccccc2CC1C(=O)N1C(C(=O)NC(CCCNC(=N)N)C(=O)O)CC2CCCCC21,,1.8470798913934725,1.8470798913934725,,,,
244,CC(C)[N+]1(C)C2CCC1CC(OC(=O)C(CO)c1ccccc1)C2,,-0.5508601172785651,,,,,0.8972366004965721
245,O=[N+]([O-])OC1COC2C(O)COC12,,1.0231711504491536,,,,,
246,CC(C)C1NC(=O)C(CCCCN)NC(=O)C(Cc2c[nH]c3ccccc23)NC(=O)C(Cc2ccc(O)cc2)NC(=O)C(NC(=O)C(N)Cc2ccc3ccccc3c2)CSSCC(C(=O)NC(C(N)=O)C(C)O)NC1=O,,1.285795928603185,,,,,
247,Oc1ccc2c(c1)CCC(c1ccccc1)C2c1ccc(OCCN2CCCC2)cc1,,1.866651166781566,1.866651166781566,,1.6941680524290674,,
248,O=C(O)CSc1nnc(Br)n1-c1ccc(C2CC2)c2ccccc12,,-0.0364388202103775,-0.0364388202103775,,-0.1591351809357692,-0.0299228979049201,
249,CC1NC(=O)C2CCCN2C(=O)C(CC(N)=O)NC(=O)C2CSSCC(N)C(=O)NC3CSSCC(NC1=O)C(=O)NC(C(C)O)C(=O)NCC(=O)NC(C(=O)NC(Cc1ccc(O)cc1)C(=O)O)CSSCC(NC(=O)C(Cc1ccc(O)cc1)NC(=O)C(CCC(=O)O)NC3=O)C(=O)N2,,0.1453903926043308,-0.0065014386919315,,,,
250,CC(Cc1ccccc1)NC(=O)C(N)CCCCN,,0.6107985191927677,0.7569265548710058,,,,
251,CC1CNCCc2ccc(Cl)cc21,,1.4558965592070243,1.4558965592070243,,,1.5721370934230423,1.7385221239403748
252,CCCCc1nc(Cl)c(CO)n1Cc1ccc(-c2ccccc2-c2nnn[nH]2)cc1,,0.5523006742629437,0.2798053001513433,,,,
253,CCC(C)C(=O)OC1CC(C)C=C2C=CC(C)C(CCC3CC(O)CC(=O)O3)C21,,0.9502406829349812,,,,,
254,CCCCC(F)(F)C1(O)CCC2C(CC(=O)C2CCCCCCC(=O)O)O1,,1.8253019463266813,,,,,
255,OCC(O)C(O)C(O)C(O)CO,,-0.2146550361416964,,,,,
256,CC12CC3CC(C)(C1)CC(N)(C3)C2,,0.9102837004666036,1.4427271949090614,,,,
257,CN(C)C(=N)NC(=N)N,,-0.3619596578515467,,,,,
258,CN1CCN2c3ncccc3Cc3ccccc3C2C1,,0.7893080174791024,,,,,
259,COc1ccc2cc(CCC(C)=O)ccc2c1,,-0.7984185445047598,-0.5726380623453563,,,,
260,COc1ccc2cc(C(C)C(=O)O)ccc2c1,,-0.8027543706658479,-0.4476993257370564,,,,
261,OC(CNCC(O)C1CCc2cc(F)ccc2O1)C1CCc2cc(F)ccc2O1,,1.141931358890762,,,,,
262,CNC(=C[N+](=O)[O-])NCCSCc1csc(CN(C)C)n1,,0.1419313588907619,,,0.1616524468290263,,
263,CCC1C(O)C2C3CCC(C(C)CCC(=O)O)C3(C)CCC2C2(C)CCC(O)CC12,,0.9200826092744055,1.873167089087024,0.9297825589328276,0.8012417627682362,,1.2227611985753644
264,CC(O)C(CO)NC(=O)C1CSSCC(NC(=O)C(N)Cc2ccccc2)C(=O)NC(Cc2ccccc2)C(=O)NC(Cc2c[nH]c3ccccc23)C(=O)NC(CCCCN)C(=O)NC(C(C)O)C(=O)N1,,-0.1489925134911844,0.9700771020950798,,0.7870068143798563,0.8971843250858704,1.0388952339488724
265,O=C(c1cc(Cc2n[nH]c(=O)c3ccccc23)ccc1F)N1CCN(C(=O)C2CC2)CC1,,0.1466581716710926,,,,0.1419488467949444,0.0427388835305024
266,N#Cc1ccc(C2CCc3cncn32)c(F)c1,,1.2668875834032445,1.0950158387033797,,,1.176973427934156,
267,OCCOc1ccc(C(=C(CCCl)c2ccccc2)c2ccccc2)cc1,,0.663279929931746,,,,,
268,COc1ccnc(C=S(O)c2nc3cc(OC(F)F)ccc3[nH]2)c1OC,,0.3363171137427463,,0.6511447000314792,0.2567327752883704,,
269,N#Cc1ccccc1-c1cc(-c2ccccn2)cn(-c2ccccc2)c1=O,,1.6176162037808484,1.5146218995676173,,,,
270,FC(F)(F)c1ccc(CNc2ccc(Cc3c[nH]c4ncc(Cl)cc34)cn2)cn1,,-0.5369989014818751,,-0.1101147737487194,-0.3630559830000234,,
271,COC1(C(=O)NC(C)c2ccc(-n3cc(F)cn3)nc2)CCC(c2nc(C)cc(Nc3cc(C)[nH]n3)n2)CC1,,-0.090893473454019,,,,0.3794143044121711,
272,CC(C)CC(CN)CC(=O)O,,-0.005228403349082,2.0903380131430835,,0.0284196593864293,,
273,CC(=O)C1CCC2C3CCC4=CC(=O)CCC4(C)C3CCC12C,,0.6121817828314109,0.5026114511592213,,,,
274,C#CCNC1CCc2ccccc21,,2.180895391619239,2.318022617946444,,,,
275,Cc1cc(C=CC#N)cc(C)c1Nc1ccnc(Nc2ccc(C#N)cc2)n1,,0.3241205080485738,1.166135155281615,,,1.0241587976441613,0.9951980480930488
276,NC1c2cccnc2C(OC(=O)N2CCC(n3c(=O)[nH]c4ncccc43)CC2)CCC1c1cccc(F)c1F,,0.7095627848153804,,,,,
277,O=P(O)(O)C(O)(Cc1cccnc1)P(=O)(O)O,,1.8856540438710616,1.865105159617634,,,2.0241587976441613,
278,CS(=O)(=O)c1ccc(C2=C(c3ccccc3)C(=O)OC2)cc1,,1.3251887933081423,,,,,
279,CCCN(CCC)CCc1cccc2c1CC(=O)N2,,2.0241587976441613,1.1838639222420466,,1.6613601780635865,,
280,CCCN(CCc1cccs1)C1CCc2c(O)cccc2C1,,1.4756130848415812,,,,1.64429577074947,
281,NC(=O)c1cn(Cc2c(F)cccc2F)nn1,,-0.6653050411328417,,0.8407415903656121,,,
282,N#CC1CC2CC2N1C(=O)C(N)C12CC3CC(CC(O)(C3)C1)C2,,1.538814941523083,1.7020503624234589,,,,
283,CNC1CCC(c2ccc(Cl)c(Cl)c2)c2ccccc21,,0.2377849458591018,,,,,
284,CC(=O)NC(CCCNC(=N)N)C(=O)NC1CSSCC(C(N)=O)NC(=O)C(Cc2c[nH]c3ccccc23)NC(=O)C(CCCNC(=N)N)NC(=O)C(Cc2ccccc2)NC(=O)C(Cc2cnc[nH]2)NC(=O)C(C)NC1=O,,0.0,0.0,0.0,,,
285,CC(C)CC(N(C)C)C1(c2ccc(Cl)cc2)CCC1,,1.0616936868034206,1.176973427934156,,,,
286,CCc1cc(C(C)=NOCc2ccc(C3CCCCC3)c(C(F)(F)F)c2)ccc1CN1CC(C(=O)O)C1,,1.538814941523083,2.134157975239844,,,1.536481424221166,
287,O=C(O)CCCO,,-1.4154275679162418,-1.456725439850579,,,,
288,CC(C(=O)O)c1ccc(C(=O)c2cccs2)cc1,,-0.0632450498048793,,,,,
289,Nc1c2c(nc3ccccc13)CCCC2,,0.9367549501951208,0.909106526545981,0.5894301470036234,,,1.0367137102207264
290,Cn1nnc(-c2ccc(-c3ccc(N4CC(COP(=O)(O)O)OC4=O)cc3F)cn2)n1,,0.2377849458591018,,,,,
291,CCCCCNC(=N)NN=Cc1c[nH]c2ccc(OC)cc12,,1.760663691139439,1.834030532447768,,,,
292,CCCC(NC(=O)C1C2CCCC2CN1C(=O)C(NC(=O)C(NC(=O)c1cnccn1)C1CCCCC1)C(C)(C)C)C(=O)C(=O)NC1CC1,,1.9107399879565257,,,,,
293,CN1Cc2c(Cl)cc(Cl)cc2C(c2cccc(S(=O)(=O)NCCOCCOCCNC(=O)NCCCCNC(=O)NCCOCCOCCNS(=O)(=O)c3cccc(C4CN(C)Cc5c(Cl)cc(Cl)cc54)c3)c2)C1,,1.0005026220480122,,,,,
294,COc1cc2nc(N3CCN(C(=O)C4CCCO4)CC3)nc(N)c2cc1OC,,2.1489935905922795,1.1808953916192386,,,,
295,Cc1ccsc1C(=CCCN1CCCC(C(=O)O)C1)c1sccc1C,,1.3481724122484948,,,,,
296,CCCSc1nc(NC2CC2c2ccc(F)c(F)c2)c2nnn(C3CC(OCCO)C(O)C3O)c2n1,,0.8916034237968199,0.7037741368995762,,1.7960261473262924,,
297,C[N+]1(C)C2CC(OC(=O)C(O)(c3cccs3)c3cccs3)CC1C1OC12,,1.4144821690771574,1.48192538728322,,,1.5153748246422492,
298,CCCC1(CCc2ccccc2)CC(O)=C(C(CC)c2cccc(NS(=O)(=O)c3ccc(C(F)(F)F)cn3)c2)C(=O)O1,,-0.2053065892112365,,,0.8752073933739172,,
299,Cc1ccc(C(=O)c2cc(O)c(O)c([N+](=O)[O-])c2)cc1,,0.3687246785164823,-0.1201346040447425,,,,
300,COc1cccc(C2(O)CCCCC2CN(C)C)c1,,0.0676946828525011,0.0230905123845926,,,,-0.0632450498048793
301,Cc1cc(Nc2ncnc3ccc(NC4=NC(C)(C)CO4)cc23)ccc1Oc1ccn2ncnc2c1,,0.0304701833252969,,,0.4204173194347562,,
302,OC(c1ccccc1)(c1ccccc1)C12CC[N+](CCOCc3ccccc3)(CC1)CC2,,1.8086214337089408,,,,,
303,Cc1onc(-c2ccccc2)c1-c1ccc(S(N)(=O)=O)cc1,,0.7408628270891963,0.8981517757762927,,,,
304,CC1(C)CCC(CN2CCN(c3ccc(C(=O)NS(=O)(=O)c4ccc(NCC5CCOCC5)c([N+](=O)[O-])c4)c(Oc4cnc5[nH]ccc5c4)c3)CC2)=C(c2ccc(Cl)cc2)C1,,0.0418928227531774,-0.0174359431208819,,,,
305,COc1ccc(C(CN(C)C)C2(O)CCCCC2)cc1,,0.5609740992161686,0.2051285453260444,,0.3235073064266998,,
306,O=C(CCCCCCC(=O)Nc1ccccc1)NO,,0.132926419500034,,,,,
307,Cc1ccc(Sc2ccccc2N2CCNCC2)c(C)c1,,0.9803193138751476,1.503458368320025,,,,
308,COC(c1ccccc1)(c1ccccc1)C(Oc1nc(C)cc(C)n1)C(=O)O,,,1.5779832624961718,,,1.6641924079640436,
309,O1[As]2O[As]1O2,,,2.17453853790906,,,,
310,CC(C)CC(NC(=O)C(CCCCN)NC(=O)CNC(=O)C(CC(C)C)NC(=O)C(NC(=O)C1CSSCC(N)C(=O)NC(CO)C(=O)NC(CC(N)=O)C(=O)NC(CC(C)C)C(=O)NC(CO)C(=O)NC(C(C)O)C(=O)N1)C(C)C)C(=O)NC(CO)C(=O)NC(CCC(N)=O)C(=O)NC(CCC(=O)O)C(=O)NC(CC(C)C)C(=O)NC(Cc1cnc[nH]1)C(=O)NC(CCCCN)C(=O)NC(CC(C)C)C(=O)NC(CCC(N)=O)C(=O)NC(C(=O)NC(Cc1ccc(O)cc1)C(=O)N1CCCC1C(=O)NC(CCCNC(=N)N)C(=O)NC(C(=O)NC(CC(N)=O)C(=O)NC(C(=O)NCC(=O)NC(CO)C(=O)NCC(=O)NC(C(=O)N1CCCC1C(N)=O)C(C)O)C(C)O)C(C)O)C(C)O,,,0.6036574250265226,,,,
311,CON=C(C(=O)NC1C(=O)N2C(C(=O)OCOC(=O)C(C)(C)C)=C(C=Cc3scnc3C)CSC12)c1csc(N)n1,,,0.6036574250265226,,,,
312,CON=C(C(=O)NC1C(=O)N2C(C(=O)O)=C(CSc3nc(=O)c(O)nn3C)CSC12)c1csc(N)n1,,,-0.3963425749734773,-0.3963425749734773,,,
313,CC(CCC(=O)O)C1CCC2C3C(O)CC4CC(O)CCC4(C)C3CC(O)C12C,,,0.2057174163544851,1.600406528724327,,,
314,CN1CCN(C2=Nc3cc(Cl)ccc3Nc3ccccc32)CC1,,,0.1311536855006857,0.1232852740046644,-0.5266330756256502,,
315,CC(C)c1nc(CN(C)C(=O)NC(CCN2CCOCC2)C(=O)NC(CCC(Cc2ccccc2)NC(=O)OCc2cncs2)Cc2ccccc2)cs1,,,0.5407881411770266,0.600406528724327,0.4491398827214348,0.4609749770253485,0.5782463720819592
316,Nc1ccncc1,,,0.9351191495856482,,,,
317,CC1CC2C3CCC4=CC(=O)C=CC4(C)C3(F)C(O)CC2(C)C1(O)C(=O)CO,,,0.0303758965386618,,,,
318,CC1CCOC2Cn3cc(C(=O)NCc4ccc(F)cc4F)c(=O)c(O)c3C(=O)N12,,,0.6307725294001421,,0.8898852262512805,,0.3914749913565737
319,CCCCc1oc2ccc(NS(C)(=O)=O)cc2c1C(=O)c1ccc(OCCCN(CCCC)CCCC)cc1,,,-0.0999054151744426,,,0.1065784265120832,
320,CC12CCC(=O)C=C1C1CC1C1C2CCC2(C)C1C1CC1C21CCC(=O)O1,,,2.2011245804895387,,,,
321,OCC1OC(c2ccc(Cl)c(Cc3ccc(OC4CCOC4)cc3)c2)C(O)C(O)C1O,,,1.611728404831989,1.162438938825712,1.340582115268337,1.4844518869920211,
322,CC(=O)Oc1ccc2c(c1)CCC1C2CCC2(C)C(O)CCC12,,,1.310698409168008,,,,
323,CN1CCN(C(=O)OC2c3nccnc3C(=O)N2c2ccc(Cl)cn2)CC1,,,2.7086384178400458,,,,2.760943550283273
324,CC(=O)OCC(CCn1cnc2cnc(N)nc21)COC(C)=O,,,-0.2391449455605727,,,,
325,CC(C)(Oc1ccc(C(=O)c2ccc(Cl)cc2)cc1)C(=O)O,,,0.560167476595452,,,,
326,O=c1[nH]c2ccccc2n1CCN1CCN(c2cccc(C(F)(F)F)c2)CC1,,,0.1265794381496935,,,,
327,CC1CC2C3CC(F)C4=CC(=O)C=CC4(C)C3(F)C(O)CC2(C)C1(OC(=O)c1ccco1)C(=O)SCF,,,0.4276094338136747,,,,
328,CC(C)n1c(C=CC(O)CC(O)CC(=O)O)c(-c2ccc(F)cc2)c2ccccc21,,,0.7081860541627966,,0.7989603754315152,,
329,COc1cc(Nc2ncc(F)c(Nc3ccc4c(n3)N(COP(=O)(O)O)C(=O)C(C)(C)O4)n2)cc(OC)c1OC,,,0.1341547864350777,,,,
330,CC(OC(=O)NCC1(CC(=O)O)CCCCC1)OC(=O)C(C)C,,,-0.945026459612547,,,,
331,Nc1nc2c(ncn2COC(CO)CO)c(=O)[nH]1,,,1.9123060368187208,2.0096684135040266,,,
332,CCCCCN(C)CCC(O)(P(=O)(O)O)P(=O)(O)O,,,1.9123060368187208,,,,
333,COc1cc(C(C)=O)ccc1OCCCN1CCC(c2noc3cc(F)ccc23)CC1,,,2.0231711504491536,,,,
334,Cc1oncc1C(=O)Nc1ccc(C(F)(F)F)cc1,,,1.1676811624455472,1.4069495867066155,,,1.3304519246465871
335,CCC(C(N)=O)N1CCCC1=O,,,-0.8693328642163755,,,,-0.7487293214010375
336,NC(Cc1ccc(O)c(O)c1)C(=O)O,,,1.908818386167268,,,,
337,C#CC1(O)CCC2C3CCC4=CC(=O)CCC4C3CCC21CC,,,1.677745308823381,,,,
338,O=C1C2C3CCC(C3)C2C(=O)N1CC1CCCCC1CN1CCN(c2nsc3ccccc23)CC1,,,0.3102032600956045,,,,
339,CCOC(=O)C(CCc1ccccc1)NC(C)C(=O)N1Cc2cc(OC)c(OC)cc2CC1C(=O)O,,,1.2512706785989625,,,,
340,CCCCCCCC(=O)OCC(O)CO,,,1.7283919333186248,,,,
341,CC(C)(NC(=O)C1=C(O)C2Oc3c(O)ccc4c3C23CCN(CC2CC2)C(C4)C3(O)C1)c1nc(-c2ccccc2)no1,,,2.427361937654644,,,,
342,CC1(C)NC(=O)N(c2ccc([N+](=O)[O-])c(C(F)(F)F)c2)C1=O,,,0.0950158387033797,,,,
343,Cc1nc2n(c(=O)c1CCN1CCC(c3noc4cc(F)ccc34)CC1)CCCC2O,,,1.4929558473754174,,,,
344,CCCCCCCCCCCCCCCC(=O)OC1CCCn2c1nc(C)c(CCN1CCC(c3noc4cc(F)ccc34)CC1)c2=O,,,0.2684344313096924,,,,
345,Cc1c(C(=O)NN2CCCCC2)nn(-c2ccc(Cl)cc2Cl)c1-c1ccc(Cl)cc1,,,1.2630451682896715,,,,
346,CC(C)c1nc(N(C)S(C)(=O)=O)nc(-c2ccc(F)cc2)c1C=CC(O)CC(O)CC(=O)O,,,1.0639344612725097,,,1.4224470211331135,
347,CC(NCc1ccc(OCc2cccc(F)c2)cc1)C(N)=O,,,0.7440088381229069,,,,
348,C#CCN(C)C(C)Cc1ccccc1,,,1.7020503624234589,,,,
349,COc1ccc2c(OC3CC4C(=O)NC5(C(=O)NS(=O)(=O)C6CC6)CC5/C=C\CCCCN(C)C(=O)C4C3)cc(-c3nc(C(C)C)cs3)nc2c1C,,,0.2590967118481437,,,0.3603901651654848,0.4626824424930075
350,CCC(C)(C)C(=O)OC1CC(C)C=C2C=CC(C)C(CCC3CC(O)CC(=O)O3)C21,,,1.134157975239844,,,,
351,CC1C(c2ccccc2)CC(NC(=O)c2cnc3c(c2)CC2(C3)C(=O)Nc3ncccc32)C(=O)N1CC(F)(F)F,,,0.5002117671042551,,,,
352,CCC1CN(C(=O)NCC(F)(F)F)CC1c1cnc2cnc3[nH]ccc3n12,,,1.0230905123845926,,1.7214473150987375,,
353,CCCCC(=O)N(Cc1ccc(-c2ccccc2-c2nnn[nH]2)cc1)C(C(=O)O)C(C)C,,,0.2960917844483303,,,,
354,COc1cc2c(Nc3ccc(Br)cc3F)ncnc2cc1OCC1CCN(C)CC1,,,0.107502793487418,,,0.4339564151640153,
355,CCN(C(C)=O)c1cccc(-c2ccnc3c(C#N)cnn23)c1,,,1.72312880198018,,,,
356,CC1(C)SC2C(NC(=O)C(N)c3ccc(O)cc3)C(=O)N2C1C(=O)O,,,,1.48360037077129,,,
357,COc1cc(N2CCC(N3CCN(C)CC3)CC2)ccc1Nc1ncc(Cl)c(Nc2ccccc2P(C)(C)=O)n1,,,,0.8017290993131827,,,
358,CNC(=NCCSCc1nc[nH]c1C)NC#N,,,,0.2993765330603457,,,
359,COC(=O)C(c1ccccc1Cl)N1CCc2sccc2C1,,,,0.901436524388308,1.1346071501123267,,
360,CN(C)CCC=C1c2ccccc2C=Cc2ccccc21,,,,1.2993765330603455,,,
361,Clc1ccc2c(c1)CCc1cccnc1C2=C1CCNCC1,,,,2.0675209195258555,,,
362,CN1C(=O)CN=C(c2ccccc2)c2cc(Cl)ccc21,,,,1.8858822868915728,0.7361719923678857,,
363,Cc1onc(-c2c(F)cccc2Cl)c1C(=O)NC1C(=O)N2C1SC(C)(C)C2C(=O)O,,,,-1.643544100271317,,,
364,CC(CCc1ccccc1)NCC(O)c1ccc(O)c(C(N)=O)c1,,,,-0.1422349325525162,,,
365,Nc1cccc2c1CN(C1CCC(=O)NC1=O)C2=O,,,,1.3100395736985593,,1.124979062080823,
366,CCOC(=O)C1=C(COCCN)NC(C)=C(C(=O)OC)C1c1ccccc1Cl,,,,1.7079795823705968,,,
367,CC#CCn1c(N2CCCC(N)C2)nc2c1c(=O)n(Cc1nc(C)c3ccccc3n1)c(=O)n2C,,,,2.009009578034578,1.7439548060561745,1.873167089087024,
368,COC(=O)C1=C(C)NC(C)=C(C(=O)OC)C1c1ccccc1[N+](=O)[O-],,,,0.7925068634423874,,,
369,COc1ccc2c3c1OC1C(=O)CCC4(O)C(C2)N(C)CCC314,,,,-0.4041818279464403,,,
370,CC(C)NC(=N)NC(=N)Nc1ccc(Cl)cc1,,,,1.9502406829349808,,,
371,CCC(CC)COC(=O)C(C)NP(=O)(OCC1OC(C#N)(c2ccc3c(N)ncnn23)C(O)C1O)Oc1ccccc1,,,,0.7283919333186248,,,
372,CC12Cc3cn[nH]c3CC1CCC1C2CCC2(C)C1CCC2(C)O,,,,1.6884349508502472,,,
373,CC(C)(C)C(O)C=Cc1ccc2c(c1)OCO2,,,,0.9894649465142284,,,
374,Clc1ccccc1CN1CCc2sccc2C1,,,,0.0565176233235984,,,
375,O=c1n(CCCN2CCN(c3cccc(Cl)c3)CC2)nc2ccccn12,,,,0.1280190946957398,,,
376,Cc1nnc2n1-c1ccc(Cl)cc1C(c1ccccc1Cl)=NC2,,,,1.2561546739817808,,,
377,COc1cc2c(cc1OC)C1CC(OC(=O)C(N)C(C)C)C(CC(C)C)CN1CC2,,,,0.5846240482070805,,,
378,CS(=O)(=O)c1ccc(C(=O)Nc2ccc(Cl)c(-c3ccccn3)c2)c(Cl)c1,,,,0.554794330889206,,0.7349864108279964,
379,OCC(CO)NC1CC(O)(CO)C(O)C(O)C1O,,,,1.0658754823144942,,,
380,Nc1nc(NC2CC2)c2ncn(C3C=CC(CO)C3)c2n1,,,,,-0.1933475354931383,,0.1076824601708428
381,Nc1nc(=O)n(C2CSC(CO)O2)cc1F,,,,,0.4374921282763934,,-0.0172607954427213
382,CCC(C)C(NC(=O)C(CC(C)C)NC(=O)C(CO)NC(=O)C(Cc1c[nH]cn1)NC(=O)C(NC(=O)C(CC(C)C)NC(=O)C(CO)NC(=O)C(NC(=O)C(Cc1ccc(O)cc1)NC(C)=O)C(C)O)C(C)CC)C(=O)NC(CCC(=O)O)C(=O)NC(CCC(=O)O)C(=O)NC(CO)C(=O)NC(CCC(N)=O)C(=O)NC(CC(N)=O)C(=O)NC(CCC(N)=O)C(=O)NC(CCC(N)=O)C(=O)NC(CCC(=O)O)C(=O)NC(CCCCN)C(=O)NC(CC(N)=O)C(=O)NC(CCC(=O)O)C(=O)NC(CCC(N)=O)C(=O)NC(CCC(=O)O)C(=O)NC(CC(C)C)C(=O)NC(CC(C)C)C(=O)NC(CCC(=O)O)C(=O)NC(CC(C)C)C(=O)NC(CC(=O)O)C(=O)NC(CCCCN)C(=O)NC(Cc1c[nH]c2ccccc12)C(=O)NC(C)C(=O)NC(CO)C(=O)NC(CC(C)C)C(=O)NC(Cc1c[nH]c2ccccc12)C(=O)NC(CC(N)=O)C(=O)NC(Cc1c[nH]c2ccccc12)C(=O)NC(Cc1ccccc1)C(N)=O,,,,,0.6178945839837173,,0.8315647869458974
383,C=C1C(CO)C(O)CC1n1cnc2c(=O)[nH]c(N)nc21,,,,,1.7554876276596172,,3.061973545947254
384,CC(=O)OC1Cc2ccccc2N(C(N)=O)c2ccccc21,,,,,-0.30944363458086,-0.196789350383566,
385,Cc1cc(C#N)cc(C)c1Oc1nc(Nc2ccc(C#N)cc2)nc(N)c1Br,,,,,0.3437688791944836,,0.7086384178400456
386,Nc1ccn(C2CSC(CO)O2)c(=O)n1,,,,,-0.0839831979545761,,1.9291876662082128
387,O=C(NC1CCN(CCCCC2(C(=O)NCC(F)(F)F)c3ccccc3-c3ccccc32)CC1)c1ccccc1-c1ccc(C(F)(F)F)cc1,,,,,0.6647735600085496,0.6690471064310987,1.340582115268337
388,CC1CS(=O)(=O)CCN1N=Cc1ccc([N+](=O)[O-])o1,,,,,1.3377437058847077,1.6141893297279626,1.1434956947013926
389,CCC(C)C(=O)OC1CC(O)C=C2C=CC(C)C(CCC(O)CC(O)CC(=O)O)C21,,,,,1.2459036036003357,,
390,Cc1nnc(C(=O)NC(C)(C)c2nc(C(=O)NCc3ccc(F)cc3)c(O)c(=O)n2C)o1,,,,,-0.1967392489633586,0.3794143044121711,0.1419488467949444
391,Cc1cn(C2C=CC(CO)O2)c(=O)[nH]c1=O,,,,,1.2851571462404898,,1.0367137102207264
392,COc1cc(NS(=O)(=O)c2ccc(N)cc2)nc(OC)n1,,,,,-1.0824304275465448,,
393,Cn1ncnc1C1c2n[nH]c(=O)c3cc(F)cc(c23)NC1c1ccc(F)cc1,,,,,2.7184742851004104,,
394,Cc1cn(C2CC(O)C(CO)O2)c(=O)[nH]c1=O,,,,,-0.2201955492784123,-0.4299788381351489,-0.1393775488349549
395,CC(C)OC(=O)OCOP(=O)(COC(C)Cn1cnc2c(N)ncnc21)OCOC(=O)OC(C)C,,,,,0.1973292699070008,,0.0230905123845926
396,Cc1cn(C2CC(N=[N+]=[N-])C(CO)O2)c(=O)[nH]c1=O,,,,,0.1985685698183998,,2.061693686803421
397,O=C1Cc2cc(CCN3CCN(c4nsc5ccccc45)CC3)c(Cl)cc2N1,,,,,0.5965085784904375,,0.2377849458591018
398,Cn1cc(-c2cc3c(N4CCN(c5ncc(C(C)(N)c6ccc(F)cc6)cn5)CC4)ncnn3c2)cn1,,,,,,0.2788503540328451,
399,CCCC1OC2CC3C4CCC5=CC(=O)C=CC5(C)C4C(O)CC3(C)C2(C(=O)CO)O1,,,,,,1.950444911251179,
400,CCON=C(C(=O)NC1C(=O)N2C(C(=O)[O-])=C(Sc3nc(-c4cc[n+](C)cc4)cs3)CSC12)c1nsc(NP(=O)(O)O)n1,,,,,,1.6365606070098324,1.572478546581097
401,COc1c(OCCCN2CCOCC2)ccc2c1N=C(NC(=O)c1cnc(N)nc1)N1CCN=C21,,,,,,1.1868564838572186,
402,O=C1Nc2ccc(Cl)cc2C(C#CC2CC2)(C(F)(F)F)O1,,,,,,0.2315171631203831,-0.3866762590270699
403,COC(=O)NC(C)CNc1nccc(-c2cn(C(C)C)nc2-c2cc(Cl)cc(NS(C)(=O)=O)c2F)n1,,,,,,0.4052706409443964,
404,CCC(=O)N(c1ccccc1)C1CCN(CCc2ccccc2)CC1,,,,,,1.8538365678790625,
405,C[N+]1(C)CCC(OC(=O)C(O)(c2ccccc2)C2CCCC2)C1,,,,,,1.0145121383965678,
406,CC(C)(C)c1cc(C(C)(C)C)c(NC(=O)c2c[nH]c3ccccc3c2=O)cc1O,,,,,,1.780469132620734,
407,Cc1nnc(C(C)C)n1C1CC2CCC(C1)N2CCC(NC(=O)C1CCC(F)(F)CC1)c1ccccc1,,,,,,-0.0325955643542887,
408,Clc1ccc(C(c2ccccc2Cl)C(Cl)Cl)cc1,,,,,,-1.0502108536232149,
409,COc1ccc(CC(C)(C)NCC(O)c2cc(O)cc3c2OCC(=O)N3)cc1,,,,,,1.7440088381229069,
410,CNC(CC(C)C)C(=O)NC1C(=O)NC(CC(N)=O)C(=O)NC2C(=O)NC3C(=O)NC(C(=O)NC(C(=O)O)c4cc(O)cc(O)c4-c4cc3ccc4O)C(OC3CC(C)(N)C(O)C(C)O3)c3ccc(c(Cl)c3)Oc3cc2cc(c3OC2OC(CO)C(O)C(O)C2OC2CC(C)(NCc3ccc(-c4ccc(Cl)cc4)cc3)C(O)C(C)O2)Oc2ccc(cc2Cl)C1O,,,,,,0.4429788424589256,
411,CC(C)Oc1ccc(-c2nc(-c3cccc4c3CCC4NCCO)no2)cc1C#N,,,,,,2.7486910518610226,
412,Clc1ccc(CCCOCCCN2CCCCC2)cc1,,,,,,1.3794143044121712,
413,CC(C)NCC(O)COc1cccc2ccccc12,,,,,,2.504353041020471,
414,NC(CC(=O)N1CCn2c(nnc2C(F)(F)F)C1)Cc1cc(F)c(F)cc1F,,,,,,0.5364814242211661,
415,CCCCCCCCCCNCCNC1(C)CC(OC2C(Oc3c4cc5cc3Oc3ccc(cc3Cl)C(O)C3NC(=O)C(NC(=O)C5NC(=O)C(CC(N)=O)NC(=O)C(NC(=O)C(CC(C)C)NC)C(O)c5ccc(c(Cl)c5)O4)c4ccc(O)c(c4)-c4c(cc(O)c(CNCP(=O)(O)O)c4O)C(C(=O)O)NC3=O)OC(CO)C(O)C2O)OC(C)C1O,,,,,,1.8252936669681568,
416,CC12CCC(=O)C=C1CCC1C2CCC2(C)C(O)CCC12,,,,,,2.1668315593614773,2.0801898087177446
417,CCCCCCCCCCC(=O)OC1CCC2C3CCC4=CC(=O)CCC4(C)C3CCC12C,,,,,,0.4696173340815739,
418,COc1cc2nccc(Oc3ccc(NC(=O)Nc4cc(C)on4)c(Cl)c3)c2cc1OC,,,,,,1.3795987528414226,
419,N#Cc1ccc2[nH]cc(CCCCN3CCN(c4ccc5cc(C(N)=O)oc5c4)CC3)c2c1,,,,,,1.3090176785557153,
420,CC(=O)OC1CCC2(C)C(=CCC3C2CCC2(C)C(c4cccnc4)=CCC32)C1,,,,,,,-0.4151962851094947
421,CCO,,,,,,,-2.9055370239191154
422,O=c1[nH]cnc2[nH]ncc12,,,,,,,-0.2643532028164965
423,Cc1ccc(C(=O)Oc2ccc(C(O)CNC(C)(C)C)cc2OC(=O)c2ccc(C)cc2)cc1,,,,,,,2.1346742527254703
424,CCCCNc1cc(C(=O)O)cc(S(N)(=O)=O)c1Oc1ccccc1,,,,,,,1.7544630110138644
425,CCOc1nc2cccc(C(=O)OC(C)OC(=O)OC3CCCCC3)c2n1Cc1ccc(-c2ccccc2-c2nnn[nH]2)cc1,,,,,,,2.104354788395253
426,Nc1nc(C(=CCC(=O)O)C(=O)NC2C(=O)N3C(C(=O)O)=CCSC23)cs1,,,,,,,1.6974172831893972
427,CN(C)CCCN1c2ccccc2Sc2ccc(Cl)cc21,,,,,,,2.17453853790906
428,CC(C)N=c1cc2n(-c3ccc(Cl)cc3)c3ccccc3nc-2cc1Nc1ccc(Cl)cc1,,,,,,,0.904687420690504
429,O=C1CN=C(c2ccccc2Cl)c2cc([N+](=O)[O-])ccc2N1,,,,,,,1.6036574250265228
430,COC(=O)C1C(OC(=O)c2ccccc2)CC2CCC1N2C,,,,,,,0.0
431,CC(C)N(CCC(C(N)=O)(c1ccccc1)c1ccccn1)C(C)C,,,,,,,-0.3866762590270699
432,COc1ccc(C(=O)Nc2ccccc2CCC2CCCCN2C)cc1,,,,,,,-0.3182907911067025
433,CCC(=O)OC(OP(=O)(CCCCc1ccccc1)CC(=O)N1CC(C2CCCCC2)CC1C(=O)O)C(C)C,,,,,,,0.9485767734535748
434,NCC1(CC(=O)O)CCCCC1,,,,,,,-0.6896513339857212
435,COC(=O)C1=C(C)NC(C)=C(C(=O)OC(C)C)C1c1cccc2nonc12,,,,,,,1.4992965918245345
436,NCCCCC(NC(CCc1ccccc1)C(=O)O)C(=O)N1CCCC1C(=O)O,,,,,,,1.416788574848854
437,CC(=O)OC1(C(C)=O)CCC2C3C=C(C)C4=CC(=O)CCC4(C)C3CCC21C,,,,,,,-0.3406591221072502
438,CC1CC2C(C(O)CC3(C)C2CCC3(O)C(=O)CO)C2(C)C=CC(=O)C=C12,,,,,,,1.1822196231730877
439,CCc1nn(CCCN2CCN(c3cccc(Cl)c3)CC2)c(=O)n1CCOc1ccccc1,,,,,,,-0.6346555556822512
440,Cc1c(O)cccc1C(=O)NC(CSc1ccccc1)C(O)CN1CC2CCCCC2CC1C(=O)NC(C)(C)C,,,,,,,0.6663744399817301
441,O=C1c2ccccc2C(=O)C1c1ccccc1,,,,,,,1.9215356164709367
442,CC(=O)Nc1ccc(OCC(O)CNC(C)C)cc1,,,,,,,1.9215356164709367
443,CC(=O)OCC(=O)C1(O)CCC2C3CCC4=CC(=O)C=CC4(C)C3C(O)CC21C,,,,,,,0.7454443574152559
444,O=[N+]([O-])c1cn2c(n1)OCC(OCc1ccc(OC(F)(F)F)cc1)C2,,,,,,,0.1982143207498516
445,COC1/C=C\OC2(C)Oc3c(C)c(O)c4c(O)c(c(C=NN5CCN(C)CC5)c(O)c4c3C2=O)NC(=O)/C(C)=C\C=C/C(C)C(O)C(C)C(O)C(C)C(OC(C)=O)C1C,,,,,,,-0.3850131936185573
446,CC(C)c1nc(CN(C)C(=O)NC(C(=O)NC(Cc2ccccc2)CC(O)C(Cc2ccccc2)NC(=O)OCc2cncs2)C(C)C)cs1,,,,,,,-0.5320492304699045
447,N#CCC(C1CCCC1)n1cc(-c2ncnc3[nH]ccc23)cn1,,,,,,,1.3185883467823147
448,CNC1C(OC2C(OC3C(O)C(O)C(NC(=N)N)C(O)C3NC(=N)N)OC(C)C2(O)C=O)OC(CO)C(O)C1O,,,,,,,-0.3612262984513112
449,S=P(N1CC1)(N1CC1)N1CC1,,,,,,,2.256281067773425
450,CCS(=O)(=O)CCn1c([N+](=O)[O-])cnc1C,,,,,,,-0.570144405719094
