ID,SMILES,Clinical_Filtered Abnormal Hepatic Fun _IC50,Clinical_Filtered Cholecystiti_IC50,Clinical_Filtered Cholelitiasi_IC50,Clinical_Filtered Cholestasi_IC50,Clinical_Filtered cholestatic Jaundice_IC50,Clinical_Filtered Hepatic Failure_IC50,Clinical_Filtered Hepatic necrosi_IC50,Clinical_Filtered Hepatic Steatosi_IC50,Clinical_Filtered Hepatiti_IC50,Clinical_Filtered HepatoBiliary disorder_IC50,Clinical_Filtered HepatoCellular injury_IC50,Clinical_Filtered Hepatomegaly_IC50,Clinical_Filtered Hepatotoxicity_IC50,Clinical_Filtered Hyperbilirubinemia_IC50,Clinical_Filtered Jaundice_IC50,Clinical_Filtered Liver Injury_IC50
0,CCN1CCN(Cc2ccc(Nc3ncc(F)c(-c4cc(F)c5nc(C)n(C(C)C)c5c4)n3)nc2)CC1,200.0,200.0,,,,200.0,,200.0,,,,,200.0,,,200.0
1,CCCC(=O)Nc1ccc(OCC(O)CNC(C)C)c(C(C)=O)c1.Cl,800.0,,,,,,,,,,,800.0,,,,
2,C/C([O-])=N/c1nnc(S(N)(=O)=O)s1.[Na+],500.0,,,,500.0,500.0,500.0,,,,,,,,,
3,CC(C)(C)C(=O)OCOP(=O)(COCCn1cnc2c(N)ncnc21)OCOC(=O)C(C)(C)C,30.0,,,,,30.0,10.0,10.0,10.0,,,10.0,,30.0,10.0,
4,CN(C)C/C=C/C(=O)Nc1cc2c(Nc3ccc(F)c(Cl)c3)ncnc2cc1O[C@H]1CCOC1.O=C(O)/C=C\C(=O)O,40.0,,,,,50.0,,,40.0,,,,,50.0,40.0,
5,COc1ccc2cccc(CCNC(C)=O)c2c1,50.0,,,,,25.0,,,25.0,,,,50.0,,25.0,
6,Cn1c(=O)cc(N2CCC[C@@H](N)C2)n(Cc2ccccc2C#N)c1=O.O=C(O)c1ccccc1,25.0,25.0,25.0,,25.0,25.0,,,5.0,25.0,25.0,25.0,25.0,25.0,25.0,25.0
7,Cl.N=C(N)NC(=O)c1nc(Cl)c(N)nc1N,40.0,,,,,,,,,,,,,,,
8,Nc1ccc(C(=O)O)c(O)c1,20000.0,,,,,,,,4000.0,,,12000.0,,,4000.0,
9,CCCCc1oc2ccccc2c1C(=O)c1cc(I)c(OCCN(CC)CC)c(I)c1.Cl,600.0,600.0,,,,,800.0,,24.0,,800.0,1600.0,800.0,,800.0,
10,C[C@@H]1OC(=O)C[C@H](O)C[C@H](O)CC[C@@H](O)[C@H](O)C[C@H](O)C[C@]2(O)C[C@H](O)[C@@H](C(=O)O)[C@H](C[C@@H](O[C@@H]3O[C@H](C)[C@@H](O)[C@H](N)[C@@H]3O)/C=C/C=C/C=C/C=C/C=C/C=C/C=C/[C@H](C)[C@@H](O)[C@H]1C)O2,3.0,5.0,,,,3.0,,,0.0,,1.0,5.0,6.0,0.0,5.0,
11,Cl.O=C1CN2Cc3c(ccc(Cl)c3Cl)N=C2N1,5.0,,,,,,,,2.0,,,,,,2.0,
12,CCCCCOc1ccc(-c2ccc(-c3ccc(C(=O)N[C@H]4C[C@@H](O)[C@@H](O)NC(=O)[C@@H]5[C@@H](O)[C@@H](C)CN5C(=O)[C@H]([C@@H](C)O)NC(=O)[C@H]([C@H](O)[C@@H](O)c5ccc(O)cc5)NC(=O)[C@@H]5C[C@@H](O)CN5C(=O)[C@H]([C@@H](C)O)NC4=O)cc3)cc2)cc1,5.0,200.0,,5.0,,5.0,100.0,,5.0,5.0,200.0,5.0,200.0,5.0,,
13,COc1ccc(-n2nc(C(N)=O)c3c2C(=O)N(c2ccc(N4CCCCC4=O)cc2)CC3)cc1,20.0,,,,,5.0,,,20.0,,,,20.0,,20.0,20.0
14,CC1CNc2c(cccc2S(=O)(=O)N[C@@H](CCCNC(=N)N)C(=O)N2CC[C@@H](C)C[C@@H]2C(=O)O)C1,500.0,,,,,500.0,,,,,,500.0,,,500.0,
15,O=C1CCc2ccc(OCCCCN3CCN(c4cccc(Cl)c4Cl)CC3)cc2N1,30.0,30.0,30.0,,,30.0,,,30.0,30.0,,30.0,,2.0,30.0,30.0
16,COC(=O)N[C@H](C(=O)N[C@@H](Cc1ccccc1)[C@@H](O)CN(Cc1ccc(-c2ccccn2)cc1)NC(=O)[C@@H](NC(=O)OC)C(C)(C)C)C(C)(C)C.O=S(=O)(O)O,400.0,400.0,400.0,400.0,,400.0,,,400.0,300.0,300.0,300.0,300.0,400.0,400.0,200.0
17,CC(C)c1c(C(=O)Nc2ccccc2)c(-c2ccccc2)c(-c2ccc(F)cc2)n1CC[C@@H](O)C[C@@H](O)CC(=O)[O-].[Ca+2],80.0,,,80.0,80.0,80.0,,,80.0,,,,,,80.0,80.0
18,O=C1C(O)=C([C@H]2CC[C@H](c3ccc(Cl)cc3)CC2)C(=O)c2ccccc21,1500.0,,,,,,,,750.0,,,,,,,
19,CNC(=O)c1ccccc1Sc1ccc2c(/C=C/c3ccccn3)n[nH]c2c1,10.0,20.0,,,,,,,,,,,40.0,40.0,40.0,
20,CC[C@H]1OC(=O)[C@H](C)[C@@H](O[C@H]2C[C@@](C)(OC)[C@@H](O)[C@H](C)O2)[C@H](C)[C@@H](O[C@@H]2O[C@H](C)C[C@H](N(C)C)[C@H]2O)[C@](C)(O)C[C@@H](C)CN(C)[C@H](C)[C@@H](O)[C@]1(C)O,500.0,,,,3.0,3.0,500.0,,500.0,,,,,,3.0,
21,C[C@H]1[C@H](NC(=O)/C(=N\OC(C)(C)C(=O)O)c2csc(N)n2)C(=O)N1S(=O)(=O)O,3000.0,,,,,,,,3000.0,,,,,,3000.0,
22,O=C([O-])CCNC(=O)c1ccc(/N=N/c2ccc(O)c(C(=O)[O-])c2)cc1.[Na+],2.0,,,,75000.0,2.0,2.0,,,,75000.0,,75000.0,,75000.0,
23,CC(C)(CCCCCC(O)CCCCCC(C)(C)C(=O)O)C(=O)O,180.0,180.0,180.0,,,,,,,180.0,,,,,,
24,CCOC(=O)[C@H](CCc1ccccc1)N[C@H]1CCc2ccccc2N(CC(=O)O)C1=O.Cl,40.0,,,,,,,,,,,,,40.0,,
25,COc1ccc(NC(=O)c2ccc(C(=N)N(C)C)cc2)c(C(=O)Nc2ccc(Cl)cn2)c1.O=C(O)/C=C\C(=O)O,80.0,80.0,80.0,,,,,80.0,80.0,80.0,80.0,80.0,,80.0,,
26,CC(O)(CS(=O)(=O)c1ccc(F)cc1)C(=O)Nc1ccc(C#N)c(C(F)(F)F)c1,50.0,,,,,,,,150.0,,,150.0,,,150.0,50.0
27,Cn1cnc2c(F)c(Nc3ccc(Br)cc3F)c(C(=O)NOCCO)cc21,45.0,,,,,60.0,,,,,,,45.0,,,
28,COc1ccccc1Oc1c(NS(=O)(=O)c2ccc(C(C)(C)C)cc2)nc(-c2ncccn2)nc1OCCO,125.0,,,,,250.0,,,250.0,,,,,3.0,125.0,
29,COc1cc(Nc2c(C#N)cnc3cc(OCCCN4CCN(C)CC4)c(OC)cc23)c(Cl)cc1Cl.O,500.0,,,,,,,,600.0,,600.0,,500.0,600.0,,600.0
30,CC(NC(C)(C)C)C(=O)c1cccc(Cl)c1.Cl,400.0,,,,,,,,400.0,,450.0,,,,400.0,900.0
31,CS(=O)(=O)OCCCCOS(C)(=O)=O,2.0,,,,,,,,,,,2.0,,4.0,4.0,
32,CNC(=O)c1ccc(-c2cnc3ncc(Cc4ccc5ncccc5c4)n3n2)cc1F.Cl,400.0,,,,,,,,400.0,,,,400.0,,,
33,C[C@H](CS)C(=O)N1CCC[C@H]1C(=O)O,3.0,,,,,,,,,,3.0,,,,3.0,
34,NC(=O)N1c2ccccc2C=Cc2ccccc21,1200.0,,,,1200.0,1000.0,,,1000.0,,1200.0,,,,,
35,CN(C)C(=O)N[C@H]1CC[C@H](CCN2CCN(c3cccc(Cl)c3Cl)CC2)CC1.Cl,12.0,,,,,,,,12.0,,,,,12.0,,
36,CC(=O)O.CCC(C)CC(C)CCCCCCCCC(=O)N[C@H]1C[C@@H](O)[C@@H](NCCN)NC(=O)[C@@H]2[C@@H](O)CCN2C(=O)[C@H]([C@H](O)CCN)NC(=O)[C@H]([C@H](O)[C@@H](O)c2ccc(O)cc2)NC(=O)[C@@H]2C[C@@H](O)CN2C(=O)[C@H]([C@@H](C)O)NC1=O,70.0,,,70.0,,50.0,,,,,,70.0,70.0,50.0,50.0,
37,CC1=C(C(=O)O)N2C(=O)[C@@H](NC(=O)[C@H](N)c3ccc(O)cc3)[C@H]2SC1,30.0,,,30.0,,,,,,,,,,,,
38,C=CC1=C(C(=O)O)N2C(=O)[C@@H](NC(=O)/C(=N\O)c3csc(N)n3)[C@H]2SC1,600.0,,,600.0,,600.0,,,14.0,,,,,14.0,600.0,
39,CO/N=C(\C(=O)N[C@@H]1C(=O)N2C(C(=O)O)=C(C[N+]3(C)CCCC3)CS[C@H]12)c1csc(N)n1.[Cl-],2000.0,2000.0,,,,2000.0,,,,,2000.0,,,2000.0,2000.0,
40,CC(C)(O/N=C(\C(=O)N[C@@H]1C(=O)N2C(C(=O)[O-])=C(C[N+]3(CCNC(=O)c4ccc(O)c(O)c4Cl)CCCC3)CS[C@H]12)c1csc(N)n1)C(=O)O.Cc1ccc(S(=O)(=O)O)cc1.O=S(=O)(O)O,2000.0,2000.0,2000.0,2000.0,,2000.0,,2000.0,2000.0,2000.0,2000.0,2000.0,2000.0,2000.0,,2000.0
41,CO/N=C(\C(=O)N[C@@H]1C(=O)N2C(C(=O)O)=C(CSc3nnnn3C)CS[C@H]12)c1csc(N)n1.Cl,2000.0,,,2000.0,,,,,,,,,,,,
42,CO[C@@]1(NC(=O)CSCC#N)C(=O)N2C(C(=O)[O-])=C(CSc3nnnn3C)CS[C@@H]21.[Na+],4000.0,,,,,4000.0,,,,,,,,,,
43,COCC1=C(C(=O)OC(C)OC(=O)OC(C)C)N2C(=O)[C@@H](NC(=O)/C(=N/OC)c3csc(N)n3)[C@H]2SC1,800.0,200.0,200.0,800.0,,,,,,,,,,,,
44,CC(C)(O/N=C(\C(=O)N[C@@H]1C(=O)N2C(C(=O)[O-])=C(C[n+]3ccccc3)CS[C@H]12)c1csc(N)n1)C(=O)O,3000.0,,,3000.0,,,,,,,,,,24.0,,
45,CC(C)(O/N=C(\C(=O)N[C@H]1C(=O)N2C(C(=O)[O-])=C(C[n+]3ccccc3)CS[C@@H]12)c1csc(N)n1)C(=O)[O-].[Na+],3000.0,,,,,,,,,,,,,,,
46,CO/N=C(\C(=O)N[C@@H]1C(=O)N2C(C(=O)OC(C)OC(C)=O)=C(COC(N)=O)CS[C@H]12)c1ccco1,1000.0,,,1000.0,,,,,,,,,,,1000.0,
47,CO/N=C(\C(=O)N[C@@H]1C(=O)N2C(C(=O)[O-])=C(COC(N)=O)CS[C@H]12)c1ccco1.[Na+],2250.0,,,,,,,,,,,,,,,
48,Cc1ccc(-c2cc(C(F)(F)F)nn2-c2ccc(S(N)(=O)=O)cc2)cc1,800.0,,800.0,,,400.0,,,400.0,,,,,,400.0,
49,NC(=O)O[C@@H](Cn1ncnn1)c1ccccc1Cl,400.0,,400.0,,,,,250.0,,,,,,,,
50,Cc1cc(Nc2ncc(Cl)c(Nc3ccccc3S(=O)(=O)C(C)C)n2)c(OC(C)C)cc1C1CCNCC1,750.0,,,750.0,,,,,750.0,,750.0,,750.0,750.0,750.0,750.0
51,Cl.O=C(O)COCCN1CCN(C(c2ccccc2)c2ccc(Cl)cc2)CC1,10.0,,,5.0,,,10.0,,10.0,,,,,,20.0,
52,CC(C)(Oc1ccc(C(=O)c2ccc(Cl)cc2)cc1)C(=O)[O-].C[N+](C)(C)CCO,135.0,135.0,135.0,,,,,135.0,135.0,,,,,,135.0,
53,Cl.O=C(O)c1cn(C2CC2)c2cc(N3CCNCC3)c(F)cc2c1=O,500.0,400.0,400.0,,5000.0,400.0,2000.0,,2000.0,,,400.0,,300.0,2000.0,
54,CN1CCC[C@@H]1CCO[C@](C)(c1ccccc1)c1ccc(Cl)cc1.O=C(O)/C=C/C(=O)O,34.0,,,,,,,,,,,,,,,
55,CN(C)CCCN1c2ccccc2CCc2ccc(Cl)cc21.Cl,250.0,,,,,,,,200.0,,,,250.0,,250.0,250.0
56,O=C([O-])C1N=C(c2ccccc2)c2cc(Cl)ccc2NC1=O.[K+].[OH-],90.0,,,,,,,,,,,,,,,
57,C[C@@H](Oc1cc(-c2cnn(C3CCNCC3)c2)cnc1N)c1c(Cl)ccc(F)c1Cl,300.0,,,,,250.0,,,300.0,,,,250.0,300.0,,250.0
58,O=C([O-])c1cc(=O)c2c(OCC(O)COc3cccc4oc(C(=O)[O-])cc(=O)c34)cccc2o1.[Na+],4.0,,,,,,,,,,,,,,,
59,O=P1(N(CCCl)CCCl)NCCCO1,5.0,,,5.0,,5.0,50.0,,5.0,,,5.0,,,50.0,
60,CCCCCCOC(=O)NC(=N)c1ccc(NCc2nc3cc(C(=O)N(CCC(=O)OCC)c4ccccn4)ccc3n2C)cc1.CS(=O)(=O)O,220.0,,,,,,,,,300.0,150.0,,150.0,220.0,,
61,CC(O)c1cc(C(=O)N[C@@H](C)Cn2ccc(-c3ccc(C#N)c(Cl)c3)n2)n[nH]1,600.0,,,,,,,,,,,,,,,
62,CC(C)CN(C[C@@H](O)[C@H](Cc1ccccc1)NC(=O)O[C@H]1CO[C@H]2OCC[C@@H]12)S(=O)(=O)c1ccc(N)cc1,1200.0,,,,,,,800.0,600.0,,1200.0,1200.0,600.0,1200.0,1200.0,
63,O=C(O)c1ccc(-n2nc(-c3ccccc3O)nc2-c2ccccc2O)cc1,40.0,,21.0,,,15.0,,30.0,10.0,15.0,30.0,40.0,5.0,40.0,20.0,
64,Cc1c(O)c(=O)ccn1C,75.0,,75.0,,,75.0,,,75.0,75.0,,3.0,,,3.0,
65,C[C@]1(COc2ccc(N3CCC(Oc4ccc(OC(F)(F)F)cc4)CC3)cc2)Cn2cc([N+](=O)[O-])nc2O1,200.0,,,,,,,,,100.0,,,200.0,200.0,,200.0
66,O=C([O-])Cc1ccccc1Nc1c(Cl)cccc1Cl.[Na+],150.0,150.0,75.0,,150.0,150.0,150.0,,150.0,,150.0,150.0,150.0,150.0,150.0,
67,CC[C@H]1OC(=O)[C@H](C)[C@@H](O[C@H]2C[C@@](C)(OC)[C@@H](O)[C@H](C)O2)[C@H](C)[C@@H](O[C@@H]2O[C@H](C)C[C@H](N(C)C)[C@H]2O)[C@](C)(O)C[C@@H](C)[C@@H]2N[C@@H](COCCOC)O[C@H]([C@H]2C)[C@]1(C)O,2.0,,,,,,,,,,,500.0,,,2.0,
68,CCCC(CCC)C(=O)O.CCCC(CCC)C(=O)[O-].[Na+],6.0,,,,,,,,,,,,15.0,,,
69,CN(CCOc1ccc(NS(C)(=O)=O)cc1)CCc1ccc(NS(C)(=O)=O)cc1,250.0,,,,,,,,500.0,,500.0,,,,,500.0
70,CS(=O)(=O)O.O=C(O[C@H]1C[C@@H]2C[C@@H]3C[C@@H](C1)N2CC3=O)c1c[nH]c2ccccc12,4.0,,,,,200.0,,,,,,,,,,
71,C[C@@H](O)[C@H]1C(=O)N2C(C(=O)O)=C(S[C@@H]3CN[C@H](CNS(N)(=O)=O)C3)[C@H](C)[C@H]12,8.0,8.0,8.0,,,,,,8.0,,8.0,,,500.0,500.0,
72,CNCC[C@H](Oc1cccc2ccccc12)c1cccs1.Cl,120.0,,,,120.0,120.0,,120.0,60.0,,120.0,120.0,120.0,,60.0,120.0
73,CN1CCc2nc(C(=O)N[C@@H]3C[C@@H](C(=O)N(C)C)CC[C@@H]3NC(=O)C(=O)Nc3ccc(Cl)cn3)sc2C1.Cc1ccc(S(=O)(=O)O)cc1.O,60.0,,,,,,,,,,60.0,,,60.0,60.0,60.0
74,CC1=NN(c2ccc(C)c(C)c2)C(=O)/C1=N\Nc1cccc(-c2cccc(C(=O)O)c2)c1O.NCCO,150.0,,75.0,150.0,,100.0,,50.0,50.0,150.0,,,50.0,75.0,100.0,150.0
75,CC(C)(O)CNc1nc(Nc2ccnc(C(F)(F)F)c2)nc(-c2cccc(C(F)(F)F)n2)n1.CS(=O)(=O)O,100.0,,,,,,,,,,,,,650.0,100.0,650.0
76,CCN(CC)C(=O)/C(C#N)=C/c1cc(O)c(O)c([N+](=O)[O-])c1,2000.0,,,,,,,,10.0,,,,,,,
77,CN1CCN(c2ccc(C(=O)Nc3n[nH]c4ccc(Cc5cc(F)cc(F)c5)cc34)c(NC3CCOCC3)c2)CC1,600.0,,,,,,,,,600.0,,,600.0,,,
78,COC(=O)[C@@H]1CC2=CC(=O)CC[C@]2(C)[C@@]23O[C@@H]2C[C@@]2(C)[C@@H](CC[C@@]24CCC(=O)O4)[C@H]13,100.0,200.0,,,,,,,,,,,,,,
79,CCCCc1ncc(/C=C(\Cc2cccs2)C(=O)O)n1Cc1ccc(C(=O)O)cc1.CS(=O)(=O)O,600.0,200.0,,,,,,,,,,200.0,,,200.0,
80,CC[C@H]1OC(=O)[C@H](C)[C@@H](O[C@H]2C[C@@](C)(OC)[C@@H](O)[C@H](C)O2)[C@H](C)[C@@H](O[C@@H]2O[C@H](C)C[C@H](N(C)C)[C@H]2O)[C@](C)(O)C[C@@H](C)C(=O)[C@H](C)[C@@H](O)[C@]1(C)O,250.0,,,,,,,,,,,,,,1000.0,
81,CCOC(=O)CCC(=O)O[C@H]1[C@H](O[C@@H]2[C@@H](C)[C@H](O[C@H]3C[C@@](C)(OC)[C@@H](O)[C@H](C)O3)[C@@H](C)C(=O)O[C@H](CC)[C@@](C)(O)[C@H](O)[C@@H](C)C(=O)[C@H](C)C[C@@]2(C)O)O[C@H](C)C[C@@H]1N(C)C,8.0,,,,,,,,8.0,,,,,,8.0,
82,COc1ccc2[n-]c([S@@](=O)Cc3ncc(C)c(OC)c3C)nc2c1.[Mg+2],40.0,,,,,40.0,,,40.0,,,,,40.0,40.0,
83,COc1ccc2[n-]c(S(=O)Cc3ncc(C)c(OC)c3C)nc2c1.[Na+],40.0,,,,,40.0,,,40.0,,,,,40.0,,
84,C[C@]12CC[C@@H]3c4ccc(O)cc4CC[C@H]3[C@@H]1CC[C@@H]2O,375.0,,10.0,,2.0,,,,,,14.0,,,,375.0,
85,CCc1cccc2c3c([nH]c12)C(CC)(CC(=O)O)OCC3,1000.0,400.0,400.0,,1000.0,1000.0,1000.0,,16.0,,16.0,,,600.0,16.0,
86,CCOC(=O)/C=C(C)/C=C/C=C(C)/C=C/c1c(C)cc(OC)c(C)c1C,5.0,,,,,5.0,,,8.0,,,,,,,
87,O=C1[C@H](CC[C@H](O)c2ccc(F)cc2)[C@@H](c2ccc(O)cc2)N1c1ccc(F)cc1,10.0,10.0,10.0,,,,,,10.0,,,,,,,
88,CCOC(=O)Nc1ccc(NCc2ccc(F)cc2)cc1N,3.0,3.0,3.0,,,,,,3.0,,,,,3.0,3.0,
89,N=C(CCSCc1csc(N=C(N)N)n1)NS(N)(=O)=O,20.0,,,,80.0,1.0,2.0,,20.0,,1.0,,,,,
90,Cc1nc(-c2ccc(OCC(C)C)c(C#N)c2)sc1C(=O)O,300.0,80.0,300.0,,,,,80.0,120.0,,120.0,80.0,,,300.0,300.0
91,CC(C)(C(=O)O)c1ccc(C(O)CCCN2CCC(C(O)(c3ccccc3)c3ccccc3)CC2)cc1.Cl,120.0,360.0,240.0,360.0,,360.0,,,120.0,,180.0,180.0,120.0,360.0,120.0,120.0
92,CCc1c(Cl)c(O)c(Cl)c(O)c1C(=O)O[C@H]1[C@H](O)[C@H](OC)[C@H](OC/C2=C\C=C\C[C@H](O)/C(C)=C/[C@H](CC)[C@@H](O[C@@H]3OC(C)(C)[C@@H](OC(=O)C(C)C)[C@H](O)[C@@H]3O)/C(C)=C/C(C)=C/C[C@@H]([C@@H](C)O)OC2=O)O[C@@H]1C,200.0,,,,,,,,,400.0,,,,400.0,,
93,CCCCCCCCc1ccc(CCC(N)(CO)CO)cc1.Cl,5.0,,,,,25.0,25.0,25.0,25.0,25.0,25.0,5.0,25.0,,25.0,
94,CC(=O)O.O=C(NCC1CCCCN1)c1cc(OCC(F)(F)F)ccc1OCC(F)(F)F,200.0,,,,200.0,200.0,,,200.0,,,,,,600.0,
95,Nc1nc(=O)[nH]cc1F,150.0,,,,,,150.0,,,,,,,,150.0,150.0
96,CNCCC(Oc1ccc(C(F)(F)F)cc1)c1ccccc1.Cl,80.0,60.0,80.0,,20.0,60.0,80.0,20.0,60.0,,60.0,20.0,,80.0,60.0,
97,CO[C@H]1O[C@H](COS(=O)(=O)[O-])[C@@H](O[C@@H]2O[C@@H](C(=O)[O-])[C@@H](O[C@H]3O[C@H](COS(=O)(=O)[O-])[C@@H](O[C@@H]4O[C@H](C(=O)[O-])[C@@H](O[C@H]5O[C@H](COS(=O)(=O)[O-])[C@@H](O)[C@H](O)[C@H]5NS(=O)(=O)[O-])[C@H](O)[C@H]4O)[C@H](OS(=O)(=O)[O-])[C@H]3NS(=O)(=O)[O-])[C@H](O)[C@H]2OS(=O)(=O)[O-])[C@H](O)[C@H]1NS(=O)(=O)[O-].[Na+],5.0,,,,,,,,,,,,,5.0,,
98,COc1cnc(-n2cnc(C)n2)c2c1c(C(=O)C(=O)N1CCN(C(=O)c3ccccc3)CC1)cn2COP(=O)(O)O.NC(CO)(CO)CO,600.0,600.0,600.0,,,600.0,,600.0,,,600.0,600.0,,600.0,,
99,COc1cc2ncnc(Nc3ccc(F)c(Cl)c3)c2cc1OCCCN1CCOCC1,250.0,,,,,250.0,,,250.0,,,,250.0,,,
100,CO/N=C1\CN(c2nc3c(cc2F)c(=O)c(C(=O)O)cn3C2CC2)CC1CN.CS(=O)(=O)O,320.0,,,,,,,,,,,,,320.0,,
101,CCc1nc(C(N)=O)c(Nc2ccc(N3CCC(N4CCN(C)CC4)CC3)c(OC)c2)nc1NC1CCOCC1.O=C(O)/C=C/C(=O)O,200.0,200.0,450.0,,,450.0,,450.0,,450.0,120.0,450.0,120.0,450.0,450.0,
102,CCC1=C(C)CN(C(=O)NCCc2ccc(S(=O)(=O)NC(=O)N[C@H]3CC[C@H](C)CC3)cc2)C1=O,8.0,,,8.0,,8.0,,,8.0,,,,,,8.0,
103,NC(=O)NO,30.0,,,,,,,,,,,,15.0,,,
104,C=CC(=O)N1CCC[C@@H](n2nc(-c3ccc(Oc4ccccc4)cc3)c3c(N)ncnc32)C1,420.0,420.0,,420.0,,560.0,,,,420.0,,,560.0,420.0,,
105,CC(C)Cc1ccc(C(C)C(=O)O)cc1,1200.0,,,,6.0,3200.0,1200.0,,1200.0,,,,200.0,,1200.0,
106,CC/C=C\C/C=C\C/C=C\C/C=C\C/C=C\CCCC(=O)OCC,7000.0,,,,,,,,,,,,,,,
107,CS(=O)(=O)O.Cc1ccc(NC(=O)c2ccc(CN3CCN(C)CC3)cc2)cc1Nc1nccc(-c2cccnc2)n1,1600.0,800.0,800.0,,,400.0,800.0,,800.0,1600.0,,,600.0,1600.0,400.0,1600.0
108,CN(C)CCCN1c2ccccc2CCc2ccccc21.Cl,300.0,,,,,,,,,,,,,,300.0,
109,CC(O)C(=O)O.Nc1cc(-c2ccncc2)c[nH]c1=O,5000000.0,,,,,,,,,,,,5000000.0,600.0,100.0,
110,CCCCC1=NC2(CCCC2)C(=O)N1Cc1ccc(-c2ccccc2-c2nnn[nH]2)cc1,300.0,,,,,,,,300.0,,,,300.0,,300.0,
111,CNCC(=O)OCc1cccnc1N(C)C(=O)OC(C)[n+]1cnn(C[C@](O)(c2cc(F)ccc2F)[C@@H](C)c2nc(-c3ccc(C#N)cc3)cs2)c1.O=S(=O)([O-])O,24.0,6.0,,200.0,,200.0,,,6.0,24.0,,6.0,200.0,200.0,200.0,
112,CCC(C)n1ncn(-c2ccc(N3CCN(c4ccc(OCC5COC(Cn6cncn6)(c6ccc(Cl)cc6Cl)O5)cc4)CC3)cc2)c1=O,400.0,,200.0,400.0,,200.0,,,400.0,,200.0,400.0,200.0,400.0,400.0,400.0
113,N#Cc1ccnc(N2C(=O)CC[C@H]2C(=O)N(c2cncc(F)c2)[C@H](C(=O)NC2CC(F)(F)C2)c2ccccc2Cl)c1,500.0,,,,,,,,,,,,,,,500.0
114,CC(C(=O)O)c1cccc(C(=O)c2ccccc2)c1,4.0,,,,,100.0,,200.0,150.0,,100.0,,100.0,200.0,100.0,
115,COC[C@@H](NC(C)=O)C(=O)NCc1ccccc1,600.0,,600.0,,,,,,600.0,600.0,,,600.0,,600.0,12.0
116,Nc1nnc(-c2cccc(Cl)c2Cl)c(N)n1,600.0,,500.0,,,500.0,200.0,,600.0,600.0,,,600.0,750.0,,
117,Cc1c(OCC(F)(F)F)ccnc1CS(=O)c1nc2ccccc2[nH]1,60.0,,60.0,60.0,,,,,60.0,,,,90.0,90.0,60.0,30.0
118,CS(=O)(=O)CCNCc1ccc(-c2ccc3ncnc(Nc4ccc(OCc5cccc(F)c5)c(Cl)c4)c3c2)o1.Cc1ccc(S(=O)(=O)O)cc1.O,1500.0,1250.0,,1000.0,1500.0,1500.0,1500.0,1500.0,1500.0,,1500.0,,1500.0,1250.0,1250.0,1500.0
119,COc1cc2nccc(Oc3ccc(NC(=O)NC4CC4)c(Cl)c3)c2cc1C(N)=O.CS(=O)(=O)O,24.0,24.0,12.0,,12.0,24.0,,24.0,24.0,,24.0,,24.0,12.0,12.0,24.0
120,COc1cccc(N2CCN(C3=Nc4c(F)cccc4[C@H](CC(=O)O)N3c3cc(C(F)(F)F)ccc3OC)CC2)c1,480.0,,,,,,,,,,,,,480.0,,
121,Cl.O=C(O)COCCN1CCN([C@H](c2ccccc2)c2ccc(Cl)cc2)CC1,10.0,5.0,,10.0,,,,,10.0,,,,5.0,,5.0,
122,C[C@H]1COc2c(N3CCN(C)CC3)c(F)cc3c(=O)c(C(=O)O)cn1c23,500.0,250.0,750.0,,,750.0,500.0,240.0,500.0,,,,750.0,750.0,500.0,
123,CCCCCCCCCCCCCCCC(=O)N[C@@H](CCC(=O)NCCCC[C@H](NC(=O)[C@H](C)NC(=O)[C@H](C)NC(=O)[C@H](CCC(N)=O)NC(=O)CNC(=O)[C@H](CCC(=O)O)NC(=O)[C@@H](CC(C)C)NC(=O)[C@H](Cc1ccc(O)cc1)NC(=O)[C@H](CO)NC(=O)[C@H](CO)NC(=O)[C@@H](NC(=O)[C@H](CC(=O)O)NC(=O)[C@H](CO)NC(=O)[C@@H](NC(=O)[C@H](Cc1ccccc1)NC(=O)[C@@H](NC(=O)CNC(=O)[C@H](CCC(=O)O)NC(=O)[C@H](C)NC(=O)[C@@H](N)Cc1cnc[nH]1)[C@@H](C)O)[C@@H](C)O)C(C)C)C(=O)N[C@@H](CCC(=O)O)C(=O)N[C@@H](Cc1ccccc1)C(=O)N[C@H](C(=O)N[C@@H](C)C(=O)N[C@@H](Cc1c[nH]c2ccccc12)C(=O)N[C@@H](CC(C)C)C(=O)N[C@H](C(=O)N[C@@H](CCCNC(=N)N)C(=O)NCC(=O)N[C@@H](CCCNC(=N)N)C(=O)NCC(=O)O)C(C)C)[C@@H](C)CC)C(=O)O,8.0,3.0,8.0,8.0,,8.0,,8.0,3.0,3.0,,,,3.0,3.0,3.0
124,CCOC(=O)N1CCC(=C2c3ccc(Cl)cc3CCc3cccnc32)CC1,10.0,,,,,10.0,10.0,,10.0,,10.0,,10.0,,10.0,
125,C[C@H]1Oc2cc(cnc2N)-c2c(nn(C)c2C#N)CN(C)C(=O)c2ccc(F)cc21,100.0,100.0,,,,,,100.0,,,100.0,,100.0,,100.0,
126,CCCCCCO[C@@H](C)c1cccc(-c2csc(NC(=O)c3cc(Cl)c(/C=C(\C)C(=O)O)c(Cl)c3)n2)c1OC,3.0,,,,,,,,,,,,,,,
127,Cc1cnc(NC(=O)C2=C(O)c3ccccc3S(=O)(=O)N2C)s1,10.0,,,,,15.0,,,10.0,,,,15.0,10.0,15.0,10.0
128,C[C@@H](O)[C@H]1C(=O)N2C(C(=O)O)=C(S[C@@H]3CN[C@H](C(=O)N(C)C)C3)[C@H](C)[C@H]12,120.0,,,,8.0,,,,,,,40.0,,8.0,8.0,
129,Nc1ccc(O)c(C(=O)O)c1,5000.0,8000.0,,,8000.0,5000.0,5000.0,,5000.0,,,,500.0,4000.0,4000.0,4000.0
130,COC(=O)C(c1ccccc1)C1CCCCN1,3.0,,,,,,,,,,,,,,,
131,Cc1cccc(C)c1OCC(C)N.Cl,3.0,,,,,,,,3.0,,,,,,,
132,CCCCCOc1ccc(-c2cc(-c3ccc(C(=O)N[C@H]4C[C@@H](O)[C@@H](O)NC(=O)[C@@H]5[C@@H](O)[C@@H](C)CN5C(=O)[C@H]([C@H](O)CC(N)=O)NC(=O)[C@H]([C@H](O)[C@@H](O)c5ccc(O)c(OS(=O)(=O)[O-])c5)NC(=O)[C@@H]5C[C@@H](O)CN5C(=O)[C@H]([C@@H](C)O)NC4=O)cc3)no2)cc1.[Na+],5.0,150.0,50.0,11.0,150.0,8.0,,150.0,150.0,10.0,150.0,200.0,150.0,150.0,5.0,100.0
133,CCCCN1C[C@H](O)[C@@H](O)[C@H](O)[C@H]1CO,300.0,,,,,,,,,,,,,,,
134,CCN(CC)C(=O)[C@]1(c2ccccc2)C[C@@H]1CN.Cl,200.0,,,,,,200.0,200.0,100.0,,200.0,,,,,
135,CC(O)C(=O)O.Cc1[nH]c(=O)c(C#N)cc1-c1ccncc1,13.0,,,,,,,,13.0,,,13.0,,13.0,,
136,CCCCCCCCCCCCCCCCOP(=O)([O-])OCC[N+](C)(C)C,150.0,,,,,,,,,,,,200.0,150.0,100.0,
137,Nc1nc(CC(=O)Nc2ccc(CCNC[C@H](O)c3ccccc3)cc2)cs1,200.0,,,,,,,,,,,,100.0,,,100.0
138,C[C@@H]1C[C@H]2[C@@H]3CCC4=CC(=O)C=C[C@]4(C)[C@@]3(Cl)[C@@H](O)C[C@]2(C)[C@@]1(OC(=O)c1ccco1)C(=O)CCl,200.0,,,,,,,,400.0,,,,,400.0,,
139,CO[C@@]1(NC(=O)C(C(=O)[O-])c2ccc(O)cc2)C(=O)N2C(C(=O)[O-])=C(CSc3nnnn3C)CO[C@@H]21.[Na+],2000.0,,,,,,,,,,,,,,,
140,COc1c(C)c2c(c(O)c1C/C=C(\C)CCC(=O)OCCN1CCOCC1)C(=O)OC2,5000.0,,,,3000.0,,,,5000.0,,3500.0,,,3000.0,3000.0,
141,Cc1ccnc2c1NC(=O)c1cccnc1N2C1CC1,2.0,,400.0,,,200.0,400.0,,400.0,,,14.0,400.0,400.0,400.0,
142,COC(=O)C1=C(C)NC(C)=C(C(=O)OCCN(C)Cc2ccccc2)C1c1cccc([N+](=O)[O-])c1.Cl,40.0,,,,,,,,,,,,,,,
143,Cc1cn(-c2cc(NC(=O)c3ccc(C)c(Nc4nccc(-c5cccnc5)n4)c3)cc(C(F)(F)F)c2)cn1.Cl.O,800.0,,600.0,800.0,,800.0,,,400.0,,,400.0,800.0,600.0,400.0,600.0
144,CCS(=O)(=O)O.COC(=O)c1ccc2c(c1)NC(=O)/C2=C(\Nc1ccc(N(C)C(=O)CN2CCN(C)CC2)cc1)c1ccccc1,150.0,,,,,200.0,,,150.0,150.0,150.0,,,200.0,150.0,150.0
145,O=C1CCCC(=O)C1C(=O)c1ccc(C(F)(F)F)cc1[N+](=O)[O-],2.0,,,,,2.0,,,,,,2.0,,,,
146,CN1Cc2c(N)cccc2C(c2ccccc2)C1,300.0,,,,,,100.0,,100.0,,300.0,,,,100.0,
147,CNCCC=C1c2ccccc2CCc2ccccc21.Cl,150.0,,,,,,,,,,,,,,150.0,
148,CC1COc2c(N3CCN(C)CC3)c(F)cc3c(=O)c(C(=O)O)cn1c23,400.0,,,4.0,,,800.0,,800.0,,,,,800.0,400.0,
149,Cc1cc2c(s1)Nc1ccccc1N=C2N1CCN(C)CC1,20.0,,10.0,5.0,,,,20.0,5.0,,,10.0,,1.0,20.0,20.0
150,CN(C)CC/C=C1/c2ccccc2COc2ccc(CC(=O)O)cc21.Cl,5.0,,,,,,,,,,,,,,5.0,
151,COc1ccc2[n-]c(S(=O)Cc3ncc(C)c(OC)c3C)nc2c1.[Mg+2],40.0,,,60.0,,40.0,40.0,,40.0,,60.0,,40.0,40.0,40.0,
152,CCCCCCCCCCC[C@@H](C[C@@H]1OC(=O)[C@H]1CCCCCC)OC(=O)[C@H](CC(C)C)NC=O,120.0,120.0,120.0,,,120.0,,120.0,120.0,,120.0,120.0,120.0,,120.0,
153,CCOC(=O)C1=C[C@@H](OC(CC)CC)[C@H](NC(C)=O)[C@@H](N)C1.O=P(O)(O)O,150.0,75.0,,,,75.0,75.0,75.0,150.0,75.0,,,75.0,,150.0,
154,C=CC(=O)Nc1cc(Nc2nccc(-c3cn(C)c4ccccc34)n2)c(OC)cc1N(C)CCN(C)C.CS(=O)(=O)O,80.0,,,,,,,,,80.0,,,80.0,80.0,,80.0
155,NC(=O)N1c2ccccc2CC(=O)c2ccccc21,3600.0,,2400.0,,,3600.0,2400.0,,2400.0,,3600.0,3600.0,3600.0,,3600.0,
156,CC(O)C(=O)O.Cc1[nH]c2ccccc2c1CCNCc1ccc(/C=C/C(=O)NO)cc1,20.0,,,,,,,,20.0,,,,,20.0,,
157,Cl.Fc1ccc([C@@H]2CCNC[C@H]2COc2ccc3c(c2)OCO3)cc1,75.0,20.0,75.0,,,,75.0,,60.0,,,,50.0,60.0,75.0,
158,CS(=O)(=O)O.Fc1ccc([C@@H]2CCNC[C@H]2COc2ccc3c(c2)OCO3)cc1,5.0,,,,,5.0,5.0,,,,,,,,5.0,5.0
159,NC(CC(=O)O)C(=O)O.NCCCC[C@H]1NC(=O)[C@H](Cc2c[nH]c3ccccc23)NC(=O)[C@@H](c2ccccc2)NC(=O)[C@@H]2C[C@@H](OC(=O)NCCN)CN2C(=O)[C@@H](Cc2ccccc2)NC(=O)[C@@H](Cc2ccc(OCc3ccccc3)cc2)NC1=O,8.0,900.0,9.0,8.0,,,,,,600.0,,,,,9.0,
160,Cc1ccc(Nc2nccc(N(C)c3ccc4c(C)n(C)nc4c3)n2)cc1S(N)(=O)=O.Cl,800.0,,,,,800.0,800.0,,800.0,,800.0,,800.0,800.0,800.0,800.0
161,N=C1NC(=O)C(c2ccccc2)O1,5.0,,,,,6.0,,,,,,,,,,
162,CC(C)(S)[C@H](N)C(=O)O,1000.0,,,1.0,2000.0,1.0,,,2000.0,,,,,,,
163,CC(C)(C)N.CCC[C@H](N[C@@H](C)C(=O)N1[C@H](C(=O)O)C[C@@H]2CCCC[C@@H]21)C(=O)OCC,16.0,16.0,,,16.0,8.0,,,,,8.0,,,,16.0,
164,O=C1NC(=O)C(c2ccccc2)(c2ccccc2)N1,5.0,,,,,,,,,,5.0,5.0,5.0,,5.0,
165,O=C1NC([O-])=NC1(c1ccccc1)c1ccccc1.[Na+],300.0,,,,,,,,,,300.0,,,,,
166,CC(/N=C(\NC#N)Nc1ccncc1)C(C)(C)C,150.0,2.0,,,,,,,,,,,,,,
167,CCc1ccc(CCOc2ccc(CC3SC(=O)NC3=O)cc2)nc1.Cl,45.0,45.0,45.0,,45.0,45.0,,,45.0,45.0,45.0,,,,,
168,CC(=O)O.CC(C)(C)NCC(O)c1ccc(O)c(CO)n1,4.0,,,,,,,,,,,,,,,
169,Cc1ccc(=O)n(-c2ccccc2)c1,2403.0,,,,,,,,2403.0,,,,,,,3.0
170,O=C([O-])C[C@H](O)C[C@H](O)/C=C/c1c(C2CC2)nc2ccccc2c1-c1ccc(F)cc1.[Ca+2],2.0,,,,1.0,4.0,,4.0,4.0,,,,,4.0,4.0,4.0
171,CC[C@@H]([C@H](C)O)n1ncn(-c2ccc(N3CCN(c4ccc(OC[C@@H]5CO[C@@](Cn6cncn6)(c6ccc(F)cc6F)C5)cc4)CC3)cc2)c1=O,400.0,200.0,200.0,800.0,200.0,200.0,200.0,200.0,800.0,,800.0,800.0,300.0,300.0,600.0,300.0
172,CCCN[C@H]1CCc2nc(N)sc2C1.Cl,5.0,5.0,5.0,,,5.0,,,5.0,,,,,,3.0,5.0
173,CC(=O)Oc1cc2c(s1)CCN(C(C(=O)C1CC1)c1ccccc1F)C2.Cl,10.0,,,,,,,,,,,,,,,
174,CCCNCC(O)COc1ccccc1C(=O)CCc1ccccc1.Cl,900.0,,325.0,,,,,,,,,425.0,,,,
175,CNCCCC1c2ccccc2C=Cc2ccccc21.Cl,40.0,,,,,,,,,,,,,,40.0,
176,O=C(O)/C=C/C(=O)O.OCCOCCN1CCN(C2=Nc3ccccc3Sc3ccccc32)CC1,750.0,450.0,300.0,,,800.0,,800.0,800.0,,,450.0,,450.0,800.0,
177,C=C[C@@H]1CN2CC[C@H]1C[C@H]2[C@H](O)c1ccnc2ccc(OC)cc12.O.O=S(=O)(O)O,3.0,,,3.0,3.0,3.0,,,3.0,,3.0,,3.0,3.0,3.0,
178,COCCCOc1ccnc(CS(=O)c2nc3ccccc3[n-]2)c1C.[Na+],20.0,10.0,20.0,,,,,10.0,20.0,,20.0,,,20.0,20.0,20.0
179,Cl.O=C(c1ccc(OCCN2CCCCC2)cc1)c1c(-c2ccc(O)cc2)sc2cc(O)ccc12,60.0,60.0,120.0,,,,,,,,,,,,,
180,CCOC(=O)[C@H](CCc1ccccc1)N[C@@H](C)C(=O)N1[C@H](C(=O)O)C[C@@H]2CCC[C@@H]21,2.0,,,,2.0,2.0,,,2.0,,,,,,20.0,
181,CN/C(=C/[N+](=O)[O-])NCCSCc1ccc(CN(C)C)o1.Cl,4.0,,300.0,,300.0,300.0,150.0,,300.0,,300.0,,300.0,,300.0,
182,CNC(=O)c1cc(Oc2ccc(NC(=O)Nc3ccc(Cl)c(C(F)(F)F)c3)c(F)c2)ccn1.O,160.0,28.0,160.0,160.0,,160.0,160.0,,,,160.0,,160.0,160.0,160.0,160.0
183,CONC(=O)Nc1ccc(-c2sc3c(c2CN(C)C)c(=O)n(-c2ccc(OC)nn2)c(=O)n3Cc2c(F)cccc2F)cc1,120.0,,,,,,,,,,,,,,,
184,CCOc1cc(CC(=O)N[C@@H](CC(C)C)c2ccccc2N2CCCCC2)ccc1C(=O)O,16.0,,,,,,,,,,,,,,,
185,NC(=O)c1ncn([C@@H]2O[C@H](CO)[C@@H](O)[C@H]2O)n1,15.0,,1400.0,,,,,,1400.0,,,1400.0,2.0,1400.0,1400.0,
186,CN(C)C(=O)c1cc2cnc(Nc3ccc(N4CCNCC4)cn3)nc2n1C1CCCC1.O=C(O)CCC(=O)O,600.0,,,,,600.0,,,7.0,600.0,600.0,,7.0,600.0,7.0,7.0
187,CO[C@H]1/C=C/O[C@@]2(C)Oc3c(C)c(O)c4c(O)c(c5c(nc6cc(C)ccn65)c4c3C2=O)NC(=O)/C(C)=C\C=C\[C@H](C)[C@H](O)[C@@H](C)[C@@H](O)[C@@H](C)[C@H](OC(C)=O)[C@@H]1C,400.0,,,,,2.0,,,,2.0,,,,,2.0,
188,Nc1nc2ccc(OC(F)(F)F)cc2s1,200.0,200.0,,100.0,,,,,200.0,,,,100.0,,100.0,50.0
189,Cc1nc2n(c(=O)c1CCN1CCC(c3noc4cc(F)ccc34)CC1)CCCC2,6.0,16.0,16.0,,,16.0,,50.0,50.0,,16.0,50.0,,6.0,50.0,
190,O=C(NC[C@H]1CN(c2ccc(N3CCOCC3=O)cc2)C(=O)O1)c1ccc(Cl)s1,20.0,20.0,20.0,10.0,,2.0,30.0,10.0,10.0,20.0,20.0,10.0,60.0,20.0,20.0,10.0
191,CCN(C)C(=O)Oc1cccc([C@H](C)N(C)C)c1.O=C(O)[C@H](O)[C@@H](O)C(=O)O,12.0,12.0,,,,12.0,,12.0,12.0,6.0,12.0,12.0,,12.0,12.0,
192,CN(CCOc1ccc(CC2SC(=O)NC2=O)cc1)c1ccccn1.O=C(O)/C=C\C(=O)O,8.0,,,,,8.0,,,8.0,,,,2.0,,4.0,
193,CC(C)(C)NC(=O)[C@@H]1C[C@@H]2CCCC[C@@H]2CN1C[C@@H](O)[C@H](Cc1ccccc1)NC(=O)[C@H](CC(N)=O)NC(=O)c1ccc2ccccc2n1,1200.0,,,3600.0,,,,,,,,,,,,
194,CC(C)(C)NC(=O)[C@@H]1C[C@@H]2CCCC[C@@H]2CN1C[C@@H](O)[C@H](Cc1ccccc1)NC(=O)[C@H](CC(N)=O)NC(=O)c1ccc2ccccc2n1.CS(=O)(=O)O,1000.0,,,,,1000.0,,,1000.0,,,1000.0,,1000.0,1000.0,
195,CC(C)N(CCCCOCC(=O)NS(C)(=O)=O)c1cnc(-c2ccccc2)c(-c2ccccc2)n1,1600.0,,,,,1600.0,,1600.0,,1600.0,,,,1600.0,,
196,C[C@H](Cc1cc2c(c(C(N)=O)c1)N(CCCO)CC2)NCCOc1ccccc1OCC(F)(F)F,8.0,,,,,,,,,,,,,,8.0,
197,CO[C@H]1C[C@@H]2CC[C@@H](C)[C@@](O)(O2)C(=O)C(=O)N2CCCC[C@H]2C(=O)O[C@H]([C@H](C)C[C@@H]2CC[C@@H](O)[C@H](OC)C2)CC(=O)[C@H](C)/C=C(\C)[C@@H](O)[C@@H](OC)C(=O)[C@H](C)C[C@H](C)/C=C/C=C/C=C/1C,5.0,,,,,2.0,5.0,,5.0,,,,2.0,,,
198,CNC(=O)c1cc(Oc2ccc(NC(=O)Nc3ccc(Cl)c(C(F)(F)F)c3)cc2)ccn1.Cc1ccc(S(=O)(=O)O)cc1,400.0,800.0,,,,400.0,,,400.0,,,,,,800.0,
199,CCOC(=O)[C@H](CCc1ccccc1)N[C@@H](C)C(=O)N1CC2(C[C@H]1C(=O)O)SCCS2.Cl,24.0,,,,,,,,,,,,,,,
200,O=C(O)c1cc(/N=N/c2ccc(S(=O)(=O)Nc3ccccn3)cc2)ccc1O,50.0,,,,4000.0,4000.0,4000.0,,4000.0,,4000.0,,4000.0,,4000.0,
201,CCN(CC)CCNC(=O)c1c(C)[nH]c(/C=C2\C(=O)Nc3ccc(F)cc32)c1C,75.0,75.0,,,,75.0,,,75.0,75.0,,,75.0,,,
202,CCN(CC)CCNC(=O)c1c(C)[nH]c(/C=C2\C(=O)Nc3ccc(F)cc32)c1C.O=C(O)C[C@H](O)C(=O)O,50.0,50.0,50.0,,,50.0,,,50.0,,,,50.0,50.0,,
203,C=CC[C@@H]1/C=C(\C)C[C@H](C)C[C@H](OC)[C@H]2O[C@@](O)(C(=O)C(=O)N3CCCC[C@H]3C(=O)O[C@H](/C(C)=C/[C@H]3CC[C@@H](O)[C@@H](OC)C3)[C@H](C)[C@@H](O)CC1=O)[C@H](C)C[C@@H]2OC,3.0,,,3.0,2.0,30.0,17.0,17.0,3.0,,5.0,,2.0,5.0,17.0,
204,CN1CC(=O)N2[C@H](Cc3c([nH]c4ccccc34)[C@H]2c2ccc3c(c2)OCO3)C1=O,5.0,5.0,100.0,,,,,,,,,,,,,5.0
205,CC/C(=C(\c1ccccc1)c1ccc(OCCN(C)C)cc1)c1ccccc1.O=C(O)CC(O)(CC(=O)O)C(=O)O,20.0,,,40.0,,,40.0,10.0,40.0,,,,30.0,,,
206,CC[C@H]1OC(=O)[C@H](C)C(=O)[C@H](C)[C@@H](O[C@@H]2O[C@H](C)C[C@H](N(C)C)[C@H]2O)[C@](C)(OC)C[C@@H](C)C(=O)[C@H](C)[C@@H]2N(CCCCn3cnc(-c4cccnc4)c3)C(=O)O[C@@]21C,800.0,,,,800.0,800.0,800.0,,800.0,,800.0,,,,800.0,800.0
207,CCCc1nc2c(C)cc(-c3nc4ccccc4n3C)cc2n1Cc1ccc(-c2ccccc2C(=O)O)cc1,80.0,,,,,,,,,,,,,,,
208,C/C(O)=C(\C#N)C(=O)Nc1ccc(C(F)(F)F)cc1,14.0,14.0,7.0,7.0,,,,14.0,7.0,7.0,,7.0,14.0,,14.0,7.0
209,CN(C)c1cc(NC(=O)CNC(C)(C)C)c(O)c2c1C[C@H]1C[C@H]3[C@H](N(C)C)C(O)=C(C(N)=O)C(=O)[C@@]3(O)C(O)=C1C2=O,12.0,,,100.0,,50.0,,,,,,,,50.0,100.0,50.0
210,Cl.Clc1ccc2nsnc2c1NC1=NCCN1,36.0,,,36.0,36.0,,,,36.0,,36.0,,36.0,,36.0,
211,Cc1ccccc1C(=O)Nc1ccc(C(=O)N2CCCC(O)c3cc(Cl)ccc32)c(C)c1,120.0,,,,,120.0,,,90.0,,120.0,,120.0,,120.0,120.0
212,CC1(C)O[C@@H]2CO[C@@]3(COS(N)(=O)=O)OC(C)(C)O[C@H]3[C@@H]2O1,800.0,400.0,1200.0,,,1000.0,,100.0,1200.0,,25.0,50.0,,,,
213,CCOC(=O)[C@H](CCc1ccccc1)N[C@@H](C)C(=O)N1[C@H](C(=O)O)C[C@H]2CCCC[C@@H]21,4.0,4.0,2.0,,,,,4.0,4.0,,,,,,,
214,CCCCC[C@H](O)CC[C@@H]1[C@H]2Cc3cccc(OCC(=O)O)c3C[C@H]2C[C@H]1O.OCCNCCO,12.0,,,,,,,,1.0,,,,,,12.0,
215,CO[C@H]1C[C@H](O[C@@H]2[C@@H](C)C(=O)O[C@H](C)[C@H](C)[C@H](OC(C)=O)[C@@H](C)C(=O)[C@]3(CO3)C[C@H](C)[C@H](O[C@@H]3O[C@H](C)C[C@H](N(C)C)[C@H]3OC(C)=O)[C@H]2C)O[C@@H](C)[C@@H]1OC(C)=O,4.0,,,,,,,,,,,,4.0,,7000.0,
216,CC(=O)O[C@]1(C(C)=O)CC[C@H]2[C@@H]3CCC4=CC(=O)CCC4=C3[C@@H](c3ccc(N(C)C)cc3)C[C@@]21C,10.0,,10.0,,,10.0,10.0,,,,10.0,,5.0,,5.0,10.0
217,CC(C)Oc1ccc(-c2nn([C@@H](C)c3oc4ccc(F)cc4c(=O)c3-c3cccc(F)c3)c3ncnc(N)c23)cc1F.Cc1ccc(S(=O)(=O)O)cc1,1800.0,,,,,,,,1800.0,,,,800.0,,,
218,CC(C)[C@H](N)C(=O)OCC(CO)OCn1cnc2c(=O)[nH]c(N)nc21.Cl,900.0,,,,,,,,900.0,,,,,,,
219,CCCS(=O)(=O)Nc1ccc(F)c(C(=O)c2c[nH]c3ncc(-c4ccc(Cl)cc4)cc23)c1F,960.0,,960.0,960.0,,,,,,,,,960.0,960.0,,960.0
220,O=C(Nc1ccc(C[C@@H]2CC[C@H]([C@H](O)c3ccccc3)N2)cc1)[C@@H]1CCc2nccc(=O)n21,75.0,,,,,,,,,,,,,,,
221,Nc1ncnc2c1ncn2[C@@H]1O[C@H](CO)[C@@H](O)[C@@H]1O,10.0,,,,,,,,,,,,,,,
222,C=CC(N)CCC(=O)O,80.0,6000.0,6000.0,6000.0,,6000.0,150.0,,6000.0,,,6000.0,6000.0,,6000.0,6000.0
223,N#C[C@H]1CCCN1C(=O)CN[C@@]12C[C@@H]3C[C@@H](C[C@@](O)(C3)C1)C2,100.0,,50.0,,,,,,100.0,50.0,,,,,,
224,CCOC(=O)N[C@@H]1CC[C@@H]2[C@@H](C1)C[C@H]1C(=O)O[C@H](C)[C@H]1[C@H]2/C=C/c1ccc(-c2cccc(F)c2)cn1.O=S(=O)(O)O,5.0,5.0,,,,5.0,,,,5.0,,,,,,
225,C[C@@H](c1ncncc1F)[C@](O)(Cn1cncn1)c1ccc(F)cc1F,4.0,12.0,12.0,12.0,300.0,300.0,300.0,,300.0,,12.0,8.0,350.0,300.0,300.0,12.0
226,COc1cc(C(=O)NS(=O)(=O)c2ccccc2C)ccc1Cc1cn(C)c2ccc(NC(=O)OC3CCCC3)cc12,10.0,,,,,20.0,80.0,,20.0,,,80.0,,20.0,80.0,20.0
227,Nc1ccn([C@H]2CC[C@@H](CO)O2)c(=O)n1,25.0,25.0,,,,,,,25.0,,25.0,25.0,,25.0,25.0,
228,CC(=O)N[C@@H]1[C@@H](NC(=N)N)C=C(C(=O)O)O[C@H]1[C@H](O)[C@H](O)CO,600.0,,,,,600.0,,,600.0,,600.0,,,600.0,,600.0
229,CC(c1cc2ccccc2s1)N(O)C(N)=O,1200.0,600.0,,,,,,,4.0,,,600.0,,4.0,4.0,
230,Cc1ccc(-c2nc3ccc(C)cn3c2CC(=O)N(C)C)cc1.O=C(O)[C@@H](O)[C@H](O)C(=O)O,10.0,,,,,,,,,,,,,10.0,,
231,Cc1cc(CC(=O)O)n(C)c1C(=O)c1ccc(Cl)cc1,300.0,,600.0,,,,,,600.0,,,,,,600.0,
232,NS(=O)(=O)Cc1noc2ccccc12,8.0,700.0,500.0,,,700.0,,,,,500.0,,,,,
233,CC#CC(=O)N1CCC[C@H]1c1nc(-c2ccc(C(=O)Nc3ccccn3)cc2)c2c(N)nccn12,,28.0,,,28.0,,,,100.0,28.0,,,100.0,100.0,100.0,
234,COc1cc(C)c(/C=C/C(C)=C/C=C/C(C)=C/C(=O)O)c(C)c1C,,50.0,50.0,50.0,50.0,50.0,,50.0,50.0,,50.0,50.0,25.0,25.0,,
235,Cc1[nH]cnc1CN1CCc2c(c3ccccc3n2C)C1=O.Cl,,1.0,,,,,,,2.0,,,,1.0,,,
236,CC(C)(C#N)c1cc(Cn2cncn2)cc(C(C)(C)C#N)c1,,1.0,1.0,,,,,,1.0,,,,,,,
237,NC(=O)C[S@@](=O)C(c1ccccc1)c1ccccc1,,250.0,250.0,,,,,,250.0,,,,,,,
238,CCOc1nc2cccc(C(=O)OCc3oc(=O)oc3C)c2n1Cc1ccc(-c2ccccc2C2=NOC([O-])N2)cc1.[K+],,40.0,40.0,,,,,,,,,,,,,
239,CCC(=O)OCC(=O)[C@@]1(OC(=O)CC)[C@@H](C)C[C@H]2[C@@H]3CCC4=CC(=O)C=C[C@]4(C)[C@@]3(Cl)[C@@H](O)C[C@@]21C,,320.0,1600.0,,,,,,,,,,,,,
240,CC(C)(C)NC(=O)N[C@H](C(=O)N1C[C@H]2[C@@H]([C@H]1C(=O)NC(CC1CCC1)C(=O)C(N)=O)C2(C)C)C(C)(C)C,,2400.0,,,,,,,,2400.0,,,,2400.0,,
241,O=c1ccc2ccc(OCCCCN3CCN(c4cccc5sccc45)CC3)cc2[nH]1,,3.0,3.0,,,,,,,4.0,,,,,,4.0
242,CC(C)C[C@H]1C(=O)N2CCC[C@H]2[C@]2(O)O[C@](NC(=O)[C@@H]3C=C4c5cccc6[nH]c(Br)c(c56)C[C@H]4N(C)C3)(C(C)C)C(=O)N12.CS(=O)(=O)O,,9.0,9.0,,,,,,8.0,,,,,,,
243,CO[C@@]12CC[C@]3(C[C@@H]1[C@](C)(O)C(C)(C)C)[C@H]1Cc4ccc(O)c5c4[C@@]3(CCN1CC1CC1)[C@H]2O5,,20.0,20.0,,,,,,,20.0,,,,,,300.0
244,CO[C@]12CC[C@@]3(C[C@@H]1[C@](C)(O)C(C)(C)C)[C@H]1Cc4ccc(O)c5c4[C@@]3(CCN1CC1CC1)[C@H]2O5.Cl,,12.0,,,,16.0,16.0,,16.0,,,,,,16.0,
245,C[C@H]1CO[C@@H]2Cn3cc(C(=O)NCc4ccc(F)cc4F)c(=O)c([O-])c3C(=O)N12.[Na+],,400.0,30.0,,,,,60.0,60.0,400.0,400.0,,30.0,400.0,,60.0
246,COc1cc2nccc(Oc3ccc(NC(=O)C4(C(=O)Nc5ccc(F)cc5)CC4)cc3)c2cc1OC.O=C(O)C[C@H](O)C(=O)O,,60.0,60.0,,,175.0,,,,60.0,60.0,,175.0,140.0,60.0,
247,COc1ccccc1OCCNCC(O)COc1cccc2[nH]c3ccccc3c12.O.O=P(O)(O)O,,50.0,,,,,,,,,,,,80.0,,
248,CC(C)C(=O)OCC(=O)[C@@]12O[C@H](C3CCCCC3)O[C@@H]1C[C@H]1[C@@H]3CCC4=CC(=O)C=C[C@]4(C)[C@H]3[C@@H](O)C[C@@]12C,,200.0,,,,,,,,,,,,,,
249,Br.CN(C)CCCC1(c2ccc(F)cc2)OCc2cc(C#N)ccc21,,80.0,80.0,,,,60.0,,80.0,,60.0,,,80.0,80.0,
250,Nc1nc(Cl)nc2c1ncn2[C@@H]1C[C@H](O)[C@@H](CO)O1,,13.0,25.0,,,9.0,,,25.0,25.0,,,,25.0,,5.0
251,Cc1nc2c([nH]1)-c1ccccc1N(C(=O)c1ccc(NC(=O)c3ccccc3-c3ccccc3)cc1)CC2.Cl,,80.0,80.0,80.0,120.0,80.0,,,80.0,,,80.0,80.0,,,
252,Cc1nc(Nc2ncc(C(=O)Nc3c(C)cccc3Cl)s2)cc(N2CCN(CCO)CC2)n1,,140.0,,140.0,,,,,140.0,,,,240.0,140.0,,
253,Cc1c(OCC(F)(F)F)ccnc1C[S@@](=O)c1nc2ccccc2[nH]1,,90.0,90.0,,,,,,60.0,,,,,,,
254,O=c1[nH]cnc2c1ncn2[C@H]1CC[C@@H](CO)O1,,750.0,750.0,,,,,,300.0,,,750.0,,,,
255,COc1cc2c(cc1OC)C(=O)C(CC1CCN(Cc3ccccc3)CC1)C2.Cl,,10.0,10.0,,,,,,10.0,,,,,10.0,10.0,
256,Cn1c(Cn2ccc(C(F)(F)F)c(Oc3cc(Cl)cc(C#N)c3)c2=O)n[nH]c1=O,,100.0,,,,100.0,100.0,,100.0,,2.0,,,,,
257,Br.CN1CCC[C@@H]1Cc1c[nH]c2ccc(CCS(=O)(=O)c3ccccc3)cc12,,80.0,80.0,,,,,,,,,,,,,
258,CCCCCCCC(=O)N[C@H](CN1CCCC1)[C@H](O)c1ccc2c(c1)OCCO2.O=C(O)[C@H](O)[C@@H](O)C(=O)O,,150.0,150.0,,,,,150.0,,150.0,,150.0,,,150.0,
259,C[C@@H](O)[C@H]1C(=O)N2C(C(=O)O)=C(S[C@@H]3CN[C@H](C(=O)Nc4cccc(C(=O)[O-])c4)C3)[C@H](C)[C@H]12.[Na+],,1000.0,1000.0,,,,,,,,,,,,1000.0,
260,C[C@]12CCC3c4ccc(O)cc4CC[C@H]3C1CC[C@H]2O.O,,48000.0,,,,,,,,,,,,,,
261,C#C[C@]1(O)CC[C@H]2[C@@H]3CCC4=CC(=O)CC[C@@H]4[C@H]3C(=C)C[C@@]21CC,,68.0,68.0,,,,,,,,,,,,,
262,CO[C@H]1C[C@@H]2CC[C@@H](C)[C@@](O)(O2)C(=O)C(=O)N2CCCC[C@H]2C(=O)O[C@H]([C@H](C)C[C@@H]2CC[C@@H](OCCO)[C@H](OC)C2)CC(=O)[C@H](C)/C=C(\C)[C@@H](O)[C@@H](OC)C(=O)[C@H](C)C[C@H](C)/C=C/C=C/C=C/1C,,10.0,,,,10.0,,,10.0,10.0,,,3.0,,,
263,C=C1C[C@@H]2[C@H](CC[C@]3(C)C(=O)CC[C@@H]23)[C@@]2(C)C=CC(=O)C=C12,,25.0,,,,25.0,,,,,,,,,,
264,CCOC(=O)C1=C(C)NC(C)=C(C(=O)OC)C1c1cccc(Cl)c1Cl,,20.0,20.0,20.0,,,,,,,,,20.0,,,
265,CC(C)OC(=O)C(C)(C)Oc1ccc(C(=O)c2ccc(Cl)cc2)cc1,,300.0,300.0,,,,,,300.0,,300.0,300.0,300.0,300.0,,
266,CCC(=O)N(c1ccccc1)C1CCN(CCc2ccccc2)CC1.O=C(O)CC(O)(CC(=O)O)C(=O)O,,400.0,800.0,,,,,,,800.0,,,,,800.0,
267,CC(C(=O)O)c1ccc(-c2ccccc2)c(F)c1,,300.0,,,,300.0,300.0,,300.0,,,,,,300.0,
268,CCC(=O)O[C@]1(C(=O)SCF)[C@H](C)C[C@H]2[C@@H]3C[C@H](F)C4=CC(=O)C=C[C@]4(C)[C@@]3(F)[C@@H](O)C[C@@]21C,,1000.0,1000.0,,,,,,,,,,,,1000.0,
269,COc1ccc2c3c1O[C@H]1C(=O)CC[C@H]4[C@@H](C2)N(C)CC[C@]314.O.O=C(O)[C@H](O)[C@@H](O)C(=O)O,,90.0,90.0,90.0,,,,,,,,,,,,
270,CN1CC[C@]23c4c5ccc(O)c4O[C@H]2C(=O)CC[C@H]3[C@H]1C5.Cl,,24.0,,,,64.0,,,,,,60.0,,,60.0,
271,CC(=O)O.N=C(N)NCCC[C@H](NC(=O)[C@@H]1C[C@@H]2CCCC[C@@H]2N1C(=O)[C@H]1Cc2ccccc2CN1C(=O)[C@H](CO)NC(=O)[C@H](Cc1cccs1)NC(=O)CNC(=O)[C@@H]1C[C@@H](O)CN1C(=O)[C@@H]1CCCN1C(=O)[C@H](CCCNC(=N)N)NC(=O)[C@H](N)CCCNC(=N)N)C(=O)O,,6.0,6.0,,,,,,,,,,,,,
272,CC(C)[N+]1(C)[C@H]2CC[C@@H]1C[C@H](OC(=O)C(CO)c1ccccc1)C2.[Br-],,1500.0,,,,,,,,,,40.0,,,,
273,O=[N+]([O-])O[C@@H]1CO[C@@H]2[C@@H](O)CO[C@H]12,,40.0,,,,,,,,,,,,,,
274,CC(=O)O.CC(C)[C@@H]1NC(=O)[C@H](CCCCN)NC(=O)[C@@H](Cc2c[nH]c3ccccc23)NC(=O)[C@H](Cc2ccc(O)cc2)NC(=O)[C@@H](NC(=O)[C@H](N)Cc2ccc3ccccc3c2)CSSC[C@@H](C(=O)N[C@H](C(N)=O)[C@@H](C)O)NC1=O,,28.0,,,,,,,,,,,,,,
275,Oc1ccc2c(c1)CC[C@H](c1ccccc1)[C@@H]2c1ccc(OCCN2CCCC2)cc1,,5.0,5.0,,,,,5.0,5.0,,,,,,5.0,10.0
276,O=C(O)CSc1nnc(Br)n1-c1ccc(C2CC2)c2ccccc12,,400.0,400.0,,,,,400.0,,400.0,,,,,,
277,C[C@@H]1NC(=O)[C@@H]2CCCN2C(=O)[C@H](CC(N)=O)NC(=O)[C@@H]2CSSC[C@H](N)C(=O)N[C@H]3CSSC[C@H](NC1=O)C(=O)N[C@@H]([C@@H](C)O)C(=O)NCC(=O)N[C@H](C(=O)N[C@@H](Cc1ccc(O)cc1)C(=O)O)CSSC[C@H](NC(=O)[C@H](Cc1ccc(O)cc1)NC(=O)[C@H](CCC(=O)O)NC3=O)C(=O)N2,,290.0,290.0,,,,,,,,,,,,,
278,CS(=O)(=O)O.C[C@@H](Cc1ccccc1)NC(=O)[C@@H](N)CCCCN,,70.0,50.0,,,,,,70.0,,,,,,,
279,C[C@H]1CNCCc2ccc(Cl)cc21.Cl,,10.0,10.0,,,,,,10.0,10.0,,10.0,,,,
280,CCCCc1nc(Cl)c(C[O-])n1Cc1ccc(-c2ccccc2-c2nnn[nH]2)cc1.[K+],,150.0,150.0,,,,,,150.0,,,,,,,
281,CC[C@H](C)C(=O)O[C@H]1C[C@@H](C)C=C2C=C[C@H](C)[C@H](CC[C@@H]3C[C@@H](O)CC(=O)O3)[C@H]21,,60.0,,,80.0,40.0,,,80.0,,,,,,,80.0
282,CCCCC(F)(F)[C@@]1(O)CC[C@H]2[C@@H](CC(=O)[C@@H]2CCCCCCC(=O)O)O1,,8.0,,,,,,,,,,,24.0,,,
283,OC[C@@H](O)[C@@H](O)[C@H](O)[C@H](O)CO,,800.0,,,,,,,,,,,,,,
284,C[C@]12C[C@@H]3C[C@](C)(C1)C[C@@](N)(C3)C2.Cl,,60.0,28.0,,,28.0,,,20.0,,,,,40.0,60.0,
285,CN(C)C(=N)NC(=N)N.Cl,,850.0,,,,,,,850.0,,,,,,850.0,
286,CN1CCN2c3ncccc3Cc3ccccc3C2C1,,60.0,,,,,,,,,,,,,,
287,COc1ccc2cc(CCC(C)=O)ccc2c1,,2000.0,2000.0,,2000.0,,,,,,,,,,,
288,COc1ccc2cc([C@H](C)C(=O)[O-])ccc2c1.[Na+],,1500.0,1500.0,,,,1500.0,,,,,,,,1100.0,
289,Cl.O[C@H](CNC[C@@H](O)[C@H]1CCc2cc(F)ccc2O1)[C@@H]1CCc2cc(F)ccc2O1,,30.0,,,,30.0,,,,,,,,30.0,20.0,
290,CN/C(=C/[N+](=O)[O-])NCCSCc1csc(CN(C)C)n1,,300.0,,,,300.0,,300.0,300.0,,300.0,,,,300.0,
291,CC[C@@H]1[C@@H]2C[C@H](O)CC[C@]2(C)[C@H]2CC[C@@]3(C)[C@@H](CC[C@@H]3[C@H](C)CCC(=O)O)[C@@H]2[C@@H]1O,,50.0,5.0,50.0,,10.0,,50.0,,,,50.0,,10.0,50.0,
292,CC(=O)O.C[C@@H](O)[C@@H]1NC(=O)[C@H](CCCCN)NC(=O)[C@@H](Cc2c[nH]c3ccccc23)NC(=O)[C@H](Cc2ccccc2)NC(=O)[C@@H](NC(=O)[C@H](N)Cc2ccccc2)CSSC[C@@H](C(=O)N[C@H](CO)[C@@H](C)O)NC1=O,,600.0,40.0,,,,,40.0,600.0,40.0,,40.0,,,600.0,
293,O=C(c1cc(Cc2n[nH]c(=O)c3ccccc23)ccc1F)N1CCN(C(=O)C2CC2)CC1,,300.0,,,400.0,,,,,400.0,,400.0,,,400.0,
294,N#Cc1ccc([C@H]2CCc3cncn32)c(F)c1.O=P(O)(O)O,,30.0,30.0,,,,,,,30.0,,,,,,
295,OCCOc1ccc(/C(=C(/CCCl)c2ccccc2)c2ccccc2)cc1,,90.0,,,,,,,,,,,,,,
296,COc1ccnc(/C=S(\[O-])c2nc3cc(OC(F)F)ccc3[nH]2)c1OC.[Na+],,240.0,,80.0,160.0,80.0,,240.0,80.0,,240.0,,,,40.0,
297,N#Cc1ccccc1-c1cc(-c2ccccn2)cn(-c2ccccc2)c1=O.O,,12.0,12.0,,,,,,,,,,,,,
298,Cl.FC(F)(F)c1ccc(CNc2ccc(Cc3c[nH]c4ncc(Cl)cc34)cn2)cn1,,1000.0,,1000.0,,,,1000.0,,,,,1000.0,,,1000.0
299,CO[C@]1(C(=O)N[C@@H](C)c2ccc(-n3cc(F)cn3)nc2)CC[C@H](c2nc(C)cc(Nc3cc(C)[nH]n3)n2)CC1,,400.0,,,,,,,,400.0,,,400.0,400.0,,
300,CC(C)C[C@H](CN)CC(=O)O,,300.0,3.0,,300.0,600.0,,660.0,600.0,,300.0,,,660.0,600.0,
301,CC(=O)[C@H]1CC[C@H]2[C@@H]3CCC4=CC(=O)CC[C@]4(C)[C@H]3CC[C@]12C,,100.0,100.0,,,,,,,,,,,,,
302,C#CCN[C@@H]1CCc2ccccc21.CS(=O)(=O)O,,2.0,2.0,,,,,,,,,,,2.0,2.0,
303,Cc1cc(/C=C/C#N)cc(C)c1Nc1ccnc(Nc2ccc(C#N)cc2)n1.Cl,,150.0,25.0,,,,,,25.0,50.0,,25.0,25.0,25.0,,
304,N[C@@H]1c2cccnc2[C@H](OC(=O)N2CCC(n3c(=O)[nH]c4ncccc43)CC2)CC[C@H]1c1cccc(F)c1F.O=S(=O)(O)O,,75.0,,,,,,,,,,,,,,
305,O=P([O-])(O)C(O)(Cc1cccnc1)P(=O)(O)O.[Na+],,5.0,5.0,,,,,,,5.0,,,,,,
306,CS(=O)(=O)c1ccc(C2=C(c3ccccc3)C(=O)OC2)cc1,,25.0,,,,25.0,50.0,,50.0,,,,6.0,,25.0,
307,CCCN(CCC)CCc1cccc2c1CC(=O)N2.Cl,,5.0,24.0,,,,,5.0,4.0,,,,,,,
308,CCCN(CCc1cccs1)[C@H]1CCc2c(O)cccc2C1,,18.0,,,,,,,,24.0,,,,,18.0,
309,NC(=O)c1cn(Cc2c(F)cccc2F)nn1,,1600.0,,45.0,,,,,3200.0,,,,,,,
310,Cl.N#C[C@@H]1C[C@@H]2C[C@@H]2N1C(=O)[C@@H](N)[C@@]12C[C@@H]3C[C@@H](C[C@@](O)(C3)C1)C2,,10.0,10.0,,,,,,5.0,,,,,,,
311,CN[C@H]1CC[C@@H](c2ccc(Cl)c(Cl)c2)c2ccccc21.Cl,,200.0,,,,,,,,,,,,,,
312,CC(=O)N[C@@H](CCCNC(=N)N)C(=O)N[C@H]1CSSC[C@@H](C(N)=O)NC(=O)[C@H](Cc2c[nH]c3ccccc23)NC(=O)[C@H](CCCNC(=N)N)NC(=O)[C@@H](Cc2ccccc2)NC(=O)[C@H](Cc2cnc[nH]2)NC(=O)[C@@H](C)NC1=O.CC(=O)O,,0.0,0.0,0.0,,,,,,,0.0,,,,,
313,CC(C)CC(N(C)C)C1(c2ccc(Cl)cc2)CCC1.Cl,,30.0,30.0,,,,,,,,,,,,,
314,CCc1cc(/C(C)=N/OCc2ccc(C3CCCCC3)c(C(F)(F)F)c2)ccc1CN1CC(C(=O)O)C1.O=C(O)/C=C/C(=O)O,,10.0,2.0,,,,,,,10.0,,,2.0,,,
315,O=C([O-])CCCO.[Na+],,9000.0,9000.0,,,,,,,,,,,9000.0,,
316,CC(C(=O)O)c1ccc(C(=O)c2cccs2)cc1,,400.0,,,,,,,800.0,,,,,,800.0,
317,Cl.Nc1c2c(nc3ccccc13)CCCC2,,40.0,40.0,80.0,,80.0,100.0,,100.0,,40.0,40.0,40.0,60.0,75.0,
318,Cn1nnc(-c2ccc(-c3ccc(N4C[C@H](COP(=O)(O)O)OC4=O)cc3F)cn2)n1,,200.0,,,,,,,,,,,,,,
319,CCCCCNC(=N)N/N=C\c1c[nH]c2ccc(OC)cc12.O=C(O)/C=C/C(=O)O,,6.0,6.0,,,,,,,,,,,,6.0,
320,CCC[C@H](NC(=O)[C@@H]1[C@H]2CCC[C@H]2CN1C(=O)[C@@H](NC(=O)[C@@H](NC(=O)c1cnccn1)C1CCCCC1)C(C)(C)C)C(=O)C(=O)NC1CC1,,3.0,,,,,,,,,,,,3.0,,
321,CN1Cc2c(Cl)cc(Cl)cc2[C@H](c2cccc(S(=O)(=O)NCCOCCOCCNC(=O)NCCCCNC(=O)NCCOCCOCCNS(=O)(=O)c3cccc([C@@H]4CN(C)Cc5c(Cl)cc(Cl)cc54)c3)c2)C1.Cl,,50.0,,,,,,,,,,,,,,
322,COc1cc2nc(N3CCN(C(=O)C4CCCO4)CC3)nc(N)c2cc1OC.Cl,,5.0,20.0,,,,,,,,,,,,,
323,Cc1ccsc1C(=CCCN1CCC[C@@H](C(=O)O)C1)c1sccc1C.Cl,,30.0,,,,,,,,,,,,,,
324,CCCSc1nc(N[C@@H]2C[C@H]2c2ccc(F)c(F)c2)c2nnn([C@@H]3C[C@H](OCCO)[C@@H](O)[C@H]3O)c2n1,,60.0,60.0,,,,,60.0,,,,,,2.0,75.0,
325,C[N+]1(C)[C@H]2C[C@@H](OC(=O)C(O)(c3cccs3)c3cccs3)C[C@@H]1[C@H]1O[C@@H]21.[Br-],,18.0,10.0,,,,,,,18.0,,,,,,
326,CCC[C@@]1(CCc2ccccc2)CC(O)=C([C@H](CC)c2cccc(NS(=O)(=O)c3ccc(C(F)(F)F)cn3)c2)C(=O)O1,,750.0,,,,500.0,,500.0,500.0,,,,500.0,500.0,1250.0,
327,C[C@@H]1CCN(C(=O)CC#N)C[C@@H]1N(C)c1ncnc2[nH]ccc12.O=C(O)CC(O)(CC(=O)O)C(=O)O,,10.0,5.0,,5.0,,,10.0,5.0,10.0,,,10.0,,,5.0
328,Cc1ccc(C(=O)c2cc(O)c(O)c([N+](=O)[O-])c2)cc1,,200.0,400.0,,,,,,,,3.0,,,,400.0,
329,COc1cccc([C@]2(O)CCCC[C@H]2CN(C)C)c1.Cl,,400.0,300.0,,400.0,300.0,,,200.0,,400.0,400.0,,400.0,,
330,Cc1cc(Nc2ncnc3ccc(NC4=NC(C)(C)CO4)cc23)ccc1Oc1ccn2ncnc2c1,,300.0,,,,,,300.0,,,300.0,,300.0,300.0,300.0,300.0
331,OC(c1ccccc1)(c1ccccc1)C12CC[N+](CCOCc3ccccc3)(CC1)CC2.[Br-],,5.0,,,,,,,,,,,,,,
332,Cc1onc(-c2ccccc2)c1-c1ccc(S(N)(=O)=O)cc1,,80.0,40.0,,,,,,80.0,,,,,,,
333,CC1(C)CCC(CN2CCN(c3ccc(C(=O)NS(=O)(=O)c4ccc(NCC5CCOCC5)c([N+](=O)[O-])c4)c(Oc4cnc5[nH]ccc5c4)c3)CC2)=C(c2ccc(Cl)cc2)C1,,400.0,400.0,,,,,,,,,,,600.0,,
334,COc1ccc(C(CN(C)C)C2(O)CCCCC2)cc1.Cl,,375.0,225.0,,,225.0,225.0,375.0,375.0,,375.0,,,375.0,225.0,
335,O=C(CCCCCCC(=O)Nc1ccccc1)NO,,600.0,,,,,,,,,,,,,,
336,Br.Cc1ccc(Sc2ccccc2N2CCNCC2)c(C)c1,,20.0,10.0,,,,,,,,,,,,,
337,COC(c1ccccc1)(c1ccccc1)[C@H](Oc1nc(C)cc(C)n1)C(=O)O,,,10.0,,,10.0,,,10.0,10.0,,,10.0,,,10.0
338,O1[As]2O[As]1O2,,,3.0,,,3.0,,,,,,,15.0,15.0,,
339,CC(C)C[C@H](NC(=O)[C@H](CCCCN)NC(=O)CNC(=O)[C@H](CC(C)C)NC(=O)[C@@H](NC(=O)[C@@H]1CSSC[C@H](N)C(=O)N[C@@H](CO)C(=O)N[C@@H](CC(N)=O)C(=O)N[C@@H](CC(C)C)C(=O)N[C@@H](CO)C(=O)N[C@@H]([C@@H](C)O)C(=O)N1)C(C)C)C(=O)N[C@@H](CO)C(=O)N[C@@H](CCC(N)=O)C(=O)N[C@@H](CCC(=O)O)C(=O)N[C@@H](CC(C)C)C(=O)N[C@@H](Cc1cnc[nH]1)C(=O)N[C@@H](CCCCN)C(=O)N[C@@H](CC(C)C)C(=O)N[C@@H](CCC(N)=O)C(=O)N[C@H](C(=O)N[C@@H](Cc1ccc(O)cc1)C(=O)N1CCC[C@H]1C(=O)N[C@@H](CCCNC(=N)N)C(=O)N[C@H](C(=O)N[C@@H](CC(N)=O)C(=O)N[C@H](C(=O)NCC(=O)N[C@@H](CO)C(=O)NCC(=O)N[C@H](C(=O)N1CCC[C@H]1C(N)=O)[C@@H](C)O)[C@@H](C)O)[C@@H](C)O)[C@@H](C)O,,,200.0,,,,,,200.0,,,,,,,
340,CO/N=C(\C(=O)N[C@@H]1C(=O)N2C(C(=O)OCOC(=O)C(C)(C)C)=C(/C=C\c3scnc3C)CS[C@H]12)c1csc(N)n1,,,200.0,,,,,,,,,,,,,
341,CO/N=C(/C(=O)N[C@@H]1C(=O)N2C(C(=O)[O-])=C(CSc3nc(=O)c(O)nn3C)CS[C@H]12)c1csc(N)n1.[Na+],,,2000.0,2000.0,,,,,,,,,,,40.0,
342,C[C@H](CCC(=O)O)[C@H]1CC[C@H]2[C@H]3[C@H](C[C@H](O)[C@@]21C)[C@@]1(C)CC[C@@H](O)C[C@H]1C[C@H]3O,,,500.0,15.0,,,,,,,,,,,15.0,
343,CN1CCN(C2=Nc3cc(Cl)ccc3Nc3ccccc32)CC1,,,450.0,450.0,,900.0,900.0,900.0,450.0,,,,900.0,,900.0,900.0
344,CC(C)c1nc(CN(C)C(=O)N[C@@H](CCN2CCOCC2)C(=O)N[C@H](CC[C@H](Cc2ccccc2)NC(=O)OCc2cncs2)Cc2ccccc2)cs1,,,150.0,150.0,,,,150.0,,150.0,,150.0,,150.0,150.0,
345,Nc1ccncc1,,,40.0,,,,,,,,,,,,20.0,
346,C[C@@H]1C[C@H]2[C@@H]3CCC4=CC(=O)C=C[C@]4(C)[C@@]3(F)[C@@H](O)C[C@]2(C)[C@@]1(O)C(=O)CO,,,700.0,,,700.0,,,,,,,,,,
347,C[C@@H]1CCO[C@H]2Cn3cc(C(=O)NCc4ccc(F)cc4F)c(=O)c([O-])c3C(=O)N21.[Na+],,,100.0,,,100.0,100.0,100.0,50.0,,100.0,100.0,100.0,100.0,50.0,50.0
348,CCCCc1oc2ccc(NS(C)(=O)=O)cc2c1C(=O)c1ccc(OCCCN(CCCC)CCCC)cc1.Cl,,,800.0,,,800.0,,,800.0,800.0,800.0,,,,800.0,
349,C[C@]12CC[C@H]3[C@H]([C@@H]1[C@@H]1C[C@@H]1[C@@]21CCC(=O)O1)[C@H]1C[C@H]1C1=CC(=O)CC[C@@]13C,,,4.0,,,,,,,,,,,,,
350,OC[C@H]1O[C@@H](c2ccc(Cl)c(Cc3ccc(O[C@H]4CCOC4)cc3)c2)[C@H](O)[C@@H](O)[C@@H]1O,,,25.0,25.0,,25.0,,25.0,25.0,25.0,,,25.0,25.0,25.0,10.0
351,CC(=O)Oc1ccc2c(c1)CC[C@@H]1[C@@H]2CC[C@]2(C)[C@@H](O)CC[C@@H]12,,,50.0,,,,,,,,,,,,,
352,CN1CCN(C(=O)O[C@H]2c3nccnc3C(=O)N2c2ccc(Cl)cn2)CC1,,,2.0,,,,,,2.0,,2.0,2.0,,,,
353,CC(=O)OCC(CCn1cnc2cnc(N)nc21)COC(C)=O,,,1000.0,,,,,,,,,,,750.0,1500.0,
354,CC(C)(Oc1ccc(C(=O)c2ccc(Cl)cc2)cc1)C(=O)O,,,105.0,,,,,,105.0,,,,,,,
355,O=c1[nH]c2ccccc2n1CCN1CCN(c2cccc(C(F)(F)F)c2)CC1,,,200.0,,,,,,,,,,,,,
356,C[C@@H]1C[C@H]2[C@@H]3C[C@H](F)C4=CC(=O)C=C[C@]4(C)[C@@]3(F)[C@@H](O)C[C@]2(C)[C@@]1(OC(=O)c1ccco1)C(=O)SCF,,,100.0,,,,,,100.0,,,,,,,
357,CC(C)n1c(/C=C/[C@@H](O)C[C@@H](O)CC(=O)[O-])c(-c2ccc(F)cc2)c2ccccc21.[Na+],,,80.0,,80.0,80.0,80.0,80.0,80.0,,,,,80.0,80.0,80.0
358,COc1cc(Nc2ncc(F)c(Nc3ccc4c(n3)N(COP(=O)([O-])[O-])C(=O)C(C)(C)O4)n2)cc(OC)c1OC.[Na+],,,300.0,,,,,,,,,,,,,
359,CC(OC(=O)NCC1(CC(=O)O)CCCCC1)OC(=O)C(C)C,,,3600.0,,,,,,1200.0,,,,,,,
360,Nc1nc2c(ncn2COC(CO)CO)c(=O)[nH]1,,,5.0,10.0,,,,,10.0,,1000.0,,,,10.0,
361,Nc1nc([O-])c2ncn(COC(CO)CO)c2n1.[Na+],,,3000.0,3000.0,,3000.0,,,10.0,,,,,,,
362,CCCCCN(C)CCC(O)(P(=O)([O-])O)P(=O)(O)O.[Na+],,,5.0,,,,,,,,,,,,,
363,COc1cc(C(C)=O)ccc1OCCCN1CCC(c2noc3cc(F)ccc23)CC1,,,4.0,,,,,,,,,,,,,
364,Cc1oncc1C(=O)Nc1ccc(C(F)(F)F)cc1,,,25.0,20.0,,20.0,20.0,,20.0,,,25.0,20.0,,20.0,20.0
365,CC[C@@H](C(N)=O)N1CCCC1=O,,,3000.0,,,1500.0,,,1500.0,,3000.0,3000.0,,,,
366,N[C@@H](Cc1ccc(O)c(O)c1)C(=O)O,,,5.0,,,,,,,,,,,,,
367,CCN(CC)C(=O)[C@@]1(c2ccccc2)C[C@H]1CN.Cl,,,120.0,,,,,,,,,,,,,
368,C#C[C@]1(O)CC[C@H]2[C@@H]3CCC4=CC(=O)CC[C@@H]4[C@H]3CC[C@@]21CC,,,6.0,,,,,,85.0,,,,,,85.0,
369,Cl.O=C1[C@H]2[C@@H]3CC[C@@H](C3)[C@H]2C(=O)N1C[C@@H]1CCCC[C@H]1CN1CCN(c2nsc3ccccc23)CC1,,,160.0,,,,,,,,,,,,,
370,CCOC(=O)[C@H](CCc1ccccc1)N[C@@H](C)C(=O)N1Cc2cc(OC)c(OC)cc2C[C@H]1C(=O)O.Cl,,,30.0,,,,,,,,,,,,,
371,CCCCCCCC(=O)OCC(O)CO,,,10.0,,,,,,,,,,,,10.0,
372,CC(C)(NC(=O)C1=C(O)[C@@H]2Oc3c(O)ccc4c3[C@@]23CCN(CC2CC2)[C@H](C4)[C@]3(O)C1)c1nc(-c2ccccc2)no1.Cc1ccc(S(=O)(=O)O)cc1,,,2.0,,,,,,2.0,,,,,,,
373,CC1(C)NC(=O)N(c2ccc([N+](=O)[O-])c(C(F)(F)F)c2)C1=O,,,300.0,,,,,,300.0,,,,,,300.0,
374,COc1ccc2[nH]c(S(=O)Cc3ncc(C)c(OC)c3C)nc2c1,,,40.0,20.0,,40.0,20.0,20.0,40.0,,,,,40.0,20.0,
375,Cc1nc2n(c(=O)c1CCN1CCC(c3noc4cc(F)ccc34)CC1)CCCC2O,,,12.0,,,,,,,,,,,,12.0,
376,CCCCCCCCCCCCCCCC(=O)O[C@@H]1CCCn2c1nc(C)c(CCN1CCC(c3noc4cc(F)ccc34)CC1)c2=O,,,75.0,,,,,,,,,,,,75.0,
377,COCCCN1CCC(NC(=O)c2cc(Cl)c(N)c3c2OCC3)CC1.O=C(O)CCC(=O)O,,,2.0,,,,,,,,,,,2.0,,
378,Cc1c(C(=O)NN2CCCCC2)nn(-c2ccc(Cl)cc2Cl)c1-c1ccc(Cl)cc1,,,20.0,,,,,,,,,,,,,
379,CC(C)c1nc(N(C)S(C)(=O)=O)nc(-c2ccc(F)cc2)c1/C=C/[C@@H](O)C[C@@H](O)CC(=O)[O-].[Ca+2],,,40.0,,,40.0,,,40.0,40.0,,,,40.0,40.0,40.0
380,CS(=O)(=O)O.C[C@H](NCc1ccc(OCc2cccc(F)c2)cc1)C(N)=O,,,100.0,,,,,,,,,,,100.0,100.0,
381,C#CCN(C)[C@H](C)Cc1ccccc1.Cl,,,10.0,,,,,,,,,,,,,
382,CCCc1nn(C)c2c(=O)nc(-c3cc(S(=O)(=O)N4CCN(C)CC4)ccc3OCC)[nH]c12.O=C(O)CC(O)(CC(=O)O)C(=O)O,,,80.0,,,,,,,,,,,,,
383,COc1ccc2c(O[C@@H]3C[C@H]4C(=O)N[C@]5(C(=O)[N-]S(=O)(=O)C6CC6)C[C@H]5/C=C\CCCCN(C)C(=O)[C@@H]4C3)cc(-c3nc(C(C)C)cs3)nc2c1C.[Na+],,,150.0,,,150.0,,,,150.0,,150.0,,150.0,150.0,
384,CCC(C)(C)C(=O)O[C@H]1C[C@@H](C)C=C2C=C[C@H](C)[C@H](CC[C@@H]3C[C@@H](O)CC(=O)O3)[C@H]21,,,20.0,,,40.0,,,20.0,,,,,,80.0,
385,N#Cc1c(N(CC(=O)[O-])CC(=O)[O-])sc(C(=O)[O-])c1CC(=O)[O-].[Sr+2],,,2000.0,,,2000.0,2000.0,,2000.0,,,,2000.0,,,2000.0
386,CNS(=O)(=O)Cc1ccc2[nH]cc(CCN(C)C)c2c1.O=C(O)CCC(=O)O,,,6.0,,,,,,,,,,,,,
387,C[C@@H]1[C@H](c2ccccc2)C[C@H](NC(=O)c2cnc3c(c2)C[C@@]2(C3)C(=O)Nc3ncccc32)C(=O)N1CC(F)(F)F,,,100.0,,,,,,,,,,,,,
388,CC[C@@H]1CN(C(=O)NCC(F)(F)F)C[C@@H]1c1cnc2cnc3[nH]ccc3n12,,,30.0,,,,,15.0,15.0,,,,,,,
389,CCCCC(=O)N(Cc1ccc(-c2ccccc2-c2nnn[nH]2)cc1)[C@H](C(=O)O)C(C)C,,,160.0,,,,,,80.0,,,,,320.0,,
390,COc1cc2c(Nc3ccc(Br)cc3F)ncnc2cc1OCC1CCN(C)CC1,,,300.0,,,,,,,300.0,,,,,,
391,CCN(C(C)=O)c1cccc(-c2ccnc3c(C#N)cnn23)c1,,,10.0,,,,,,,,,,10.0,,,
392,CC1(C)S[C@@H]2[C@H](NC(=O)[C@H](N)c3ccc(O)cc3)C(=O)N2[C@H]1C(=O)O,,,,12.0,12.0,,,,,,,,12.0,,,
393,COc1cc(N2CCC(N3CCN(C)CC3)CC2)ccc1Nc1ncc(Cl)c(Nc2ccccc2P(C)(C)=O)n1,,,,180.0,,,,,,,180.0,,180.0,180.0,,
394,CN/C(=N\CCSCc1nc[nH]c1C)NC#N,,,,300.0,,,,,,,,,,,,
395,COC(=O)[C@H](c1ccccc1Cl)N1CCc2sccc2C1.Cl,,,,75.0,,,,,75.0,,,,,,75.0,
396,CN(C)CCC=C1c2ccccc2C=Cc2ccccc21.Cl,,,,30.0,,,,,30.0,,,,,,30.0,
397,Clc1ccc2c(c1)CCc1cccnc1C2=C1CCNCC1,,,,5.0,,,5.0,,5.0,,5.0,,,,5.0,
398,CN1C(=O)CN=C(c2ccccc2)c2cc(Cl)ccc21,,,,15.0,15.0,,15.0,60.0,,,,,,,15.0,
399,Cc1onc(-c2c(F)cccc2Cl)c1C(=O)N[C@@H]1C(=O)N2[C@@H](C(=O)O)C(C)(C)S[C@H]12,,,,45000.0,,,,,,,,,,,,
400,CC(CCc1ccccc1)NCC(O)c1ccc(O)c(C(N)=O)c1.Cl,,,,800.0,800.0,,,,,,,,,,5.0,
401,Nc1cccc2c1CN(C1CCC(=O)NC1=O)C2=O,,,,25.0,,25.0,,,25.0,28.0,25.0,,25.0,28.0,25.0,25.0
402,CCOC(=O)C1=C(COCCN)NC(C)=C(C(=O)OC)[C@@H]1c1ccccc1Cl.O=C(O)/C=C\C(=O)O,,,,10.0,,,,,10.0,,,,,,10.0,
403,CC#CCn1c(N2CCC[C@@H](N)C2)nc2c1c(=O)n(Cc1nc(C)c3ccccc3n1)c(=O)n2C,,,,5.0,,,,5.0,,5.0,,,,5.0,5.0,
404,COC(=O)C1=C(C)NC(C)=C(C(=O)OC)C1c1ccccc1[N+](=O)[O-],,,,90.0,,,,,90.0,,,,,,90.0,
405,COc1ccc2c3c1O[C@H]1C(=O)CC[C@@]4(O)[C@@H](C2)N(C)CC[C@]314.Cl,,,,640.0,,,,,,,,,,,,
406,CC(C)NC(=N)NC(=N)Nc1ccc(Cl)cc1.Cl,,,,6.0,,,,,6.0,,,,,,,
407,CCC(CC)COC(=O)[C@H](C)N[P@](=O)(OC[C@H]1O[C@@](C#N)(c2ccc3c(N)ncnn23)[C@H](O)[C@@H]1O)Oc1ccccc1,,,,100.0,,,,,200.0,,,,200.0,100.0,200.0,200.0
408,C[C@]12Cc3cn[nH]c3C[C@@H]1CC[C@@H]1[C@@H]2CC[C@@]2(C)[C@H]1CC[C@]2(C)O,,,,10.0,,,,,,,,,,,7.0,
409,CC(C)(C)C(O)/C=C/c1ccc2c(c1)OCO2,,,,50.0,,,,,50.0,,50.0,,,,,
410,Cl.Clc1ccccc1CN1CCc2sccc2C1,,,,250.0,250.0,,,,250.0,,,,,,,
411,Cl.O=c1n(CCCN2CCN(c3cccc(Cl)c3)CC2)nc2ccccn12,,,,375.0,,,,,,,,,,375.0,375.0,
412,Cc1nnc2n1-c1ccc(Cl)cc1C(c1ccccc1Cl)=NC2,,,,25.0,,,,,,,,,,,25.0,
413,COc1cc2c(cc1OC)[C@H]1C[C@@H](OC(=O)[C@@H](N)C(C)C)[C@H](CC(C)C)CN1CC2.Cc1ccc(S(=O)(=O)O)cc1,,,,100.0,,,,,,,,,,,,
414,CS(=O)(=O)c1ccc(C(=O)Nc2ccc(Cl)c(-c3ccccn3)c2)c(Cl)c1,,,,150.0,,,,,,150.0,,,,,,150.0
415,OCC(CO)N[C@H]1C[C@](O)(CO)[C@@H](O)[C@H](O)[C@H]1O,,,,39.0,,,,,,,,,,,,
416,O=c1[nH]cnc2[nH]ncc12,,,,,600.0,,600.0,,,,,600.0,,600.0,,
417,CC(C(=O)O)c1ccc2oc(-c3ccc(Cl)cc3)nc2c1,,,,,600.0,600.0,600.0,,600.0,,600.0,,,,600.0,600.0
418,C=C(c1ccc(C(=O)O)cc1)c1cc2c(cc1C)C(C)(C)CCC2(C)C,,,,,2.0,,,,,,,,,,,
419,C#C[C@]1(O)CC[C@H]2[C@@H]3CCC4=Cc5oncc5C[C@]4(C)[C@H]3CC[C@@]21C,,,,,4.0,,,,,,,,,,400.0,400.0
420,CC(C)N(CCC(C(N)=O)(c1ccccc1)c1ccccn1)C(C)C.O=P(O)(O)O,,,,,600.0,600.0,,,,,,600.0,,,,
421,CCOC(=O)[C@H](CCc1ccccc1)N[C@@H](C)C(=O)N1CCC[C@H]1C(=O)O.O=C(O)/C=C\C(=O)O,,,,,40.0,40.0,40.0,,40.0,,,,,,,
422,C[C@H](N[C@@H](CCc1ccccc1)C(=O)O)C(=O)N1CCC[C@H]1C(=O)O,,,,,5.0,,,,5.0,,,,,,,
423,CCC(=O)N(c1ccccc1)C1CCN(CCc2ccccc2)CC1,,,,,4.0,,,,,4.0,,,,,800.0,
424,Cc1cnc(C(=O)NCCc2ccc(S(=O)(=O)NC(=O)NC3CCCCC3)cc2)cn1,,,,,5.0,,,,,,,,,,,
425,COc1ccc(Cl)cc1C(=O)NCCc1ccc(S(=O)(=O)NC(=O)NC2CCCCC2)cc1,,,,,10.0,,,,,,,,,,,
426,NC(CO)(CO)CO.O=C(c1ccccc1)c1ccc2n1CCC2C(=O)O,,,,,120.0,30.0,,,30.0,,,,,,6.0,
427,NCCCC[C@H](N[C@@H](CCc1ccccc1)C(=O)O)C(=O)N1CCC[C@H]1C(=O)O,,,,,10.0,10.0,10.0,,10.0,,,10.0,,5.0,,
428,Cc1nnc(C(C)C)n1[C@H]1C[C@@H]2CC[C@H](C1)N2CC[C@H](NC(=O)C1CCC(F)(F)CC1)c1ccccc1,,,,,600.0,2.0,,,600.0,150.0,1200.0,,2.0,150.0,,600.0
429,CN1CCCC(CN2c3ccccc3Sc3ccccc32)C1,,,,,600.0,,,,,,,,,,600.0,
430,S=c1[nH]cnc2nc[nH]c12,,,,,2.0,,5.0,,,,2.0,,5.0,5.0,5.0,
431,COc1c(N2C[C@@H]3CCCN[C@@H]3C2)c(F)cc2c(=O)c(C(=O)O)cn(C3CC3)c12.Cl,,,,,400.0,400.0,,,400.0,,,,,6.0,6.0,
432,CCn1cc(C(=O)O)c(=O)c2cc(F)c(N3CCNCC3)cc21,,,,,800.0,,1600.0,,800.0,,,,,,800.0,
433,CCC[N+]12[C@H]3C[C@@]45c6ccccc6N(C)[C@H]4[C@@H]1C[C@H](C3[C@H]5O)[C@H](CC)[C@H]2O.O=C(O)[C@H](O)[C@@H](O)C(=O)O,,,,,20.0,,,,,,,,,,,
434,CC[C@H](C)C(=O)O[C@H]1C[C@H](O)C=C2C=C[C@H](C)[C@H](CC[C@@H](O)C[C@@H](O)CC(=O)[O-])[C@H]21.[Na+],,,,,20.0,80.0,40.0,40.0,40.0,,,,,80.0,80.0,80.0
435,CN1CCN(CCCN2c3ccccc3Sc3ccc(Cl)cc32)CC1.O=C(O)/C=C\C(=O)O,,,,,40.0,,,,,,,,,,,
436,CC(CN1c2ccccc2Sc2ccccc21)N(C)C.Cl,,,,,50.0,,,,,,,,,,50.0,
437,CCCc1cc(=O)[nH]c(=S)[nH]1,,,,,900.0,,,,300.0,,,,,,,
438,CC(C)c1nc(CN(C)C(=O)N[C@H](C(=O)N[C@@H](Cc2ccccc2)C[C@H](O)[C@H](Cc2ccccc2)NC(=O)OCc2cncs2)C(C)C)cs1,,,,,600.0,1200.0,,,1200.0,,600.0,1200.0,2.0,,600.0,
439,CC1(C)[C@@H]2CC[C@@]1(CS(=O)(=O)O)C(=O)C2.CNCc1ccc(-c2[nH]c3cc(F)cc4c3c2CCNC4=O)cc1,,,,,600.0,,,,,600.0,,600.0,,600.0,600.0,
440,CNC[C@H](O)[C@@H](O)[C@H](O)[C@H](O)CO.O=C(O)c1ccc2nc(-c3cc(Cl)cc(Cl)c3)oc2c1,,,,,80.0,,,,,,,,20.0,,,
441,C[C@]12CC[C@H]3[C@@H](CCC4=CC(=O)CC[C@@]43C)[C@@H]1CC[C@@H]2O,,,,,6.0,,,,,3.0,,3.0,,,,
442,CCS(=O)(=O)CCn1c([N+](=O)[O-])cnc1C,,,,,2000.0,,,,2000.0,,,2000.0,,2000.0,2000.0,
443,Cl.O.O=C1Cc2cc(CCN3CCN(c4nsc5ccccc45)CC3)c(Cl)cc2N1,,,,,4.0,,,200.0,200.0,,,200.0,,200.0,4.0,
444,Nc1nc(NC2CC2)c2ncn([C@H]3C=C[C@@H](CO)C3)c2n1.O=S(=O)(O)O,,,,,,600.0,,600.0,16.0,,,300.0,,,300.0,
445,CC(=O)O[C@H]1CC[C@@]2(C)C(=CC[C@H]3[C@@H]4CC=C(c5cccnc5)[C@@]4(C)CC[C@@H]32)C1,,,,,,1000.0,,,,,,1000.0,1000.0,28.0,1000.0,1000.0
446,COCCCOc1cc(C[C@@H](C[C@H](N)[C@@H](O)C[C@H](C(=O)NCC(C)(C)C(N)=O)C(C)C)C(C)C)ccc1OC.O=C(O)/C=C/C(=O)O,,,,,,300.0,,,150.0,,,,,,150.0,
447,[Na+].[O-]c1ncnc2[nH]ncc12,,,,,,2000.0,,,,,,,,,,
448,Cc1nnc2n1-c1ccc(Cl)cc1C(c1ccccc1)=NC2,,,,,,6.0,,,6.0,,,,,,6.0,
449,Cn1cc(-c2cc3c(N4CCN(c5ncc([C@@](C)(N)c6ccc(F)cc6)cn5)CC4)ncnn3c2)cn1,,,,,,400.0,,,,600.0,,,,400.0,,
450,CC(C)COCC(CN(Cc1ccccc1)c1ccccc1)N1CCCC1.Cl,,,,,,400.0,,,300.0,,300.0,,,,,
451,CC(C)C[C@H](NC(=O)[C@H](Cc1ccccc1)NC(=O)c1cnccn1)B(O)O,,,,,,1.0,,,1.0,,,,5.0,1.0,,
452,CCCCNc1cc(C(=O)O)cc(S(N)(=O)=O)c1Oc1ccccc1,,,,,,3.0,,,28.0,,,12.0,,,,
453,N=C1NCC[C@H]([C@@H]2NC(=O)/C(=C/NC(N)=O)NC(=O)[C@H](CNC(=O)C[C@@H](N)CCCN)NC(=O)[C@H](CO)NC(=O)[C@@H](N)CNC2=O)N1.O=S(=O)(O)O,,,,,,1000.0,,,,,,,,,,
454,N[C@@H](C(=O)N[C@@H]1C(=O)N2C(C(=O)O)=C(Cl)CS[C@H]12)c1ccccc1,,,,,,1500.0,,,1000.0,,,,,,,
455,CN1C(=O)CC(=O)N(c2ccccc2)c2cc(Cl)ccc21,,,,,,40.0,,,,,,,,,,
456,COC(=O)[C@H](c1ccccc1Cl)N1CCc2sccc2C1.O=S(=O)(O)O,,,,,,75.0,,75.0,75.0,,,,,75.0,75.0,
457,Br.COC(=O)[C@H](c1ccccc1Cl)N1CCc2sccc2C1,,,,,,75.0,,,75.0,,,,,,75.0,
458,C/C=C/C[C@@H](C)[C@@H](O)[C@H]1C(=O)N[C@@H](CC)C(=O)N(C)CC(=O)N(C)[C@@H](CC(C)C)C(=O)N[C@@H](C(C)C)C(=O)N(C)[C@@H](CC(C)C)C(=O)N[C@@H](C)C(=O)N[C@H](C)C(=O)N(C)[C@@H](CC(C)C)C(=O)N(C)[C@@H](CC(C)C)C(=O)N(C)[C@@H](C(C)C)C(=O)N1C,,,,,,10.0,,,,,,,15.0,5.0,10.0,
459,COC(=O)NC(C(=O)N1CCC[C@H]1c1ncc(-c2ccc(-c3ccc(-c4cnc([C@@H]5CCCN5C(=O)C(NC(=O)OC)C(C)C)[nH]4)cc3)cc2)[nH]1)C(C)C.Cl,,,,,,60.0,,,,,,,60.0,60.0,,
460,COc1cc2ncnc(Nc3ccc(F)c(Cl)c3)c2cc1NC(=O)/C=C/CN1CCCCC1,,,,,,45.0,,,,,,,45.0,45.0,,45.0
461,COc1c(-c2ccc3cc([N-]S(C)(=O)=O)ccc3c2)cc(-n2ccc(=O)[nH]c2=O)cc1C(C)(C)C.[Na+],,,,,,250.0,,,,,,,,,,
462,O=C(O)Cc1ccccc1Nc1c(Cl)cccc1Cl,,,,,,3.0,3.0,,3.0,,,,3.0,,3.0,
463,O=C([O-])Cc1ccccc1Nc1c(Cl)cccc1Cl.[K+],,,,,,50.0,50.0,,50.0,,,,4.0,,150.0,4.0
464,O=C1Nc2ccc(Cl)cc2[C@@](C#CC2CC2)(C(F)(F)F)O1,,,,,,600.0,,,600.0,600.0,,600.0,600.0,600.0,600.0,
465,COC(=O)N[C@@H](C)CNc1nccc(-c2cn(C(C)C)nc2-c2cc(Cl)cc(NS(C)(=O)=O)c2F)n1,,,,,,300.0,,,,300.0,,,,,,
466,CC[C@H](C)[C@H](NC(=O)[C@H](CC(C)C)NC(=O)[C@H](CO)NC(=O)[C@H](Cc1c[nH]cn1)NC(=O)[C@@H](NC(=O)[C@H](CC(C)C)NC(=O)[C@H](CO)NC(=O)[C@@H](NC(=O)[C@H](Cc1ccc(O)cc1)NC(C)=O)[C@@H](C)O)[C@@H](C)CC)C(=O)N[C@@H](CCC(=O)O)C(=O)N[C@@H](CCC(=O)O)C(=O)N[C@@H](CO)C(=O)N[C@@H](CCC(N)=O)C(=O)N[C@@H](CC(N)=O)C(=O)N[C@@H](CCC(N)=O)C(=O)N[C@@H](CCC(N)=O)C(=O)N[C@@H](CCC(=O)O)C(=O)N[C@@H](CCCCN)C(=O)N[C@@H](CC(N)=O)C(=O)N[C@@H](CCC(=O)O)C(=O)N[C@@H](CCC(N)=O)C(=O)N[C@@H](CCC(=O)O)C(=O)N[C@@H](CC(C)C)C(=O)N[C@@H](CC(C)C)C(=O)N[C@@H](CCC(=O)O)C(=O)N[C@@H](CC(C)C)C(=O)N[C@@H](CC(=O)O)C(=O)N[C@@H](CCCCN)C(=O)N[C@@H](Cc1c[nH]c2ccccc12)C(=O)N[C@@H](C)C(=O)N[C@@H](CO)C(=O)N[C@@H](CC(C)C)C(=O)N[C@@H](Cc1c[nH]c2ccccc12)C(=O)N[C@@H](CC(N)=O)C(=O)N[C@@H](Cc1c[nH]c2ccccc12)C(=O)N[C@@H](Cc1ccccc1)C(N)=O,,,,,,90.0,,90.0,90.0,,,90.0,90.0,,,
467,CNC(=O)c1ccc(N2C(=S)N(c3ccc(C#N)c(C(F)(F)F)c3)C(=O)C2(C)C)cc1F,,,,,,160.0,,,,,,,,,,
468,C#Cc1cccc(Nc2ncnc3cc(OCCOC)c(OCCOC)cc23)c1.Cl,,,,,,150.0,,,,,,,150.0,150.0,,
469,CN(C)CCC[C@@]1(c2ccc(F)cc2)OCc2cc(C#N)ccc21.O=C(O)C(=O)O,,,,,,20.0,20.0,,20.0,,,,,,,
470,CC(=O)O[C@H]1Cc2ccccc2N(C(N)=O)c2ccccc21,,,,,,1200.0,,900.0,1200.0,1200.0,,,,,,1800.0
471,Cc1cc(C#N)cc(C)c1Oc1nc(Nc2ccc(C#N)cc2)nc(N)c1Br,,,,,,200.0,,200.0,200.0,,,200.0,200.0,,200.0,200.0
472,C[C@]12CC[C@@H]3c4ccc(O)cc4C[C@@H](CCCCCCCCCS(=O)CCCC(F)(F)C(F)(F)F)[C@H]3[C@@H]1CC[C@@H]2O,,,,,,500.0,,,250.0,,,,,,,
473,CC[C@H](Nc1ncnc2[nH]cnc12)c1nc2cccc(F)c2c(=O)n1-c1ccccc1,,,,,,150.0,,,,,150.0,,150.0,150.0,,
474,CC(C)(C)NC(=O)[C@@H]1CN(Cc2cccnc2)CCN1C[C@@H](O)C[C@@H](Cc1ccccc1)C(=O)N[C@H]1c2ccccc2C[C@H]1O.O=S(=O)(O)O,,,,,,2400.0,,,2400.0,,,,2400.0,2400.0,2400.0,
475,COc1ccc2c(c1)c(CC(=O)O)c(C)n2C(=O)c1ccc(Cl)cc1,,,,,,3.0,3.0,,3.0,,,,,,3.0,
476,CC(=O)N1CCN(c2ccc(OC[C@H]3CO[C@](Cn4ccnc4)(c4ccc(Cl)cc4Cl)O3)cc2)CC1,,,,,,1200.0,1200.0,,1200.0,,1200.0,,1200.0,,1200.0,1200.0
477,Nc1ccn([C@@H]2CS[C@H](CO)O2)c(=O)n1,,,,,,100.0,,300.0,100.0,,,4.0,150.0,100.0,100.0,
478,C[N+](C)(C)C[C@H](O)CC(=O)[O-],,,,,,2970.0,,,,,,,,,,
479,Cc1cc(C)cc(OCC2CNC(=O)O2)c1,,,,,,4.0,,,,,,,,,4.0,
480,CN(C)c1ccc(O)c2c1C[C@H]1C[C@H]3[C@H](N(C)C)C(O)=C(C(N)=O)C(=O)[C@@]3(O)C(O)=C1C2=O.Cl,,,,,,1.0,,,1.0,,,,1.0,,1.0,1.0
481,CN1CC[C@]23c4c5ccc(O)c4O[C@H]2[C@@H](O)C=C[C@H]3[C@H]1C5.O.O=S(=O)(O)O,,,,,,200.0,,,,,,,,,,
482,COc1ccsc1CNCC[C@@]1(c2ccccn2)CCOC2(CCCC2)C1.O=C(O)/C=C/C(=O)O,,,,,,5.0,,,,,,,,,,
483,Cc1nccn1CC1CCc2c(c3ccccc3n2C)C1=O,,,,,,8.0,,,,,,,,,,
484,C[C@]12C/C(=C\O)C(=O)C[C@@H]1CC[C@@H]1[C@@H]2CC[C@@]2(C)[C@H]1CC[C@]2(C)O,,,,,,50.0,,,,,,,,,,
485,O=C([O-])C[C@H](O)C[C@H](O)/C=C/c1c(C2CC2)nc2ccccc2c1-c1ccc(F)cc1.[Mg+2],,,,,,1.0,,,4.0,,,,,,4.0,
486,Cc1ccc(C(=O)Nc2ccc(CN3CCN(C)CC3)c(C(F)(F)F)c2)cc1C#Cc1cnc2cccnn12.Cl,,,,,,45.0,30.0,,,,,,45.0,,45.0,45.0
487,CN[C@@H](C)[C@@H](O)c1ccccc1.Cl,,,,,,125.0,,,,,,,,,,
488,CC(C)(C)c1cc(NC(=O)Nc2ccc(-c3cn4c(n3)sc3cc(OCCN5CCOCC5)ccc34)cc2)no1.Cl,,,,,,60.0,,,,,60.0,,,60.0,,
489,Cc1nnc(C(=O)NC(C)(C)c2nc(C(=O)NCc3ccc(F)cc3)c([O-])c(=O)n2C)o1.[K+],,,,,,400.0,,400.0,400.0,400.0,,400.0,,400.0,400.0,6.0
490,CN(C)C[C@@H]1CCn2cc(c3ccccc32)C2=C(C(=O)NC2=O)c2cn(c3ccccc23)CCO1,,,,,,32.0,,,,,,,,,32.0,
491,Cc1cn([C@H]2C=C[C@@H](CO)O2)c(=O)[nH]c1=O,,,,,,2.0,,40.0,40.0,,,40.0,,,40.0,
492,Cc1cn([C@@H]2C[C@@H](O)[C@H](CO)O2)c(=O)[nH]c1=O,,,,,,600.0,,600.0,600.0,1800.0,,600.0,,,,600.0
493,CC(C)OC(=O)OCOP(=O)(CO[C@H](C)Cn1cnc2c(N)ncnc21)OCOC(=O)OC(C)C.O=C(O)/C=C/C(=O)O,,,,,,245.0,,300.0,8.0,,,300.0,,300.0,,
494,CN1CCC(COc2cnc(-c3cccc(Cn4nc(-c5cccc(C#N)c5)ccc4=O)c3)nc2)CC1.Cl,,,,,,450.0,,,,,,,,,,
495,COc1cc2c(cc1OC)[C@@H]1CC(=O)[C@@H](CC(C)C)CN1CC2,,,,,,100.0,,,,,,,,,,
496,S=P(N1CC1)(N1CC1)N1CC1,,,,,,2.0,,,,,,2.0,,,2.0,
497,CC(=O)Nc1cccc(-n2c(=O)n(C3CC3)c(=O)c3c(Nc4ccc(I)cc4F)n(C)c(=O)c(C)c32)c1.CS(C)=O,,,,,,2.0,,,4.0,,,4.0,2.0,,4.0,
498,CCCC(CCC)C(=O)O,,,,,,60.0,,,2.0,,,,60.0,,,
499,Cc1c(C)c2c(c(C)c1O)CC[C@@](C)(CCC[C@H](C)CCC[C@H](C)CCCC(C)C)O2,,,,,,25.0,,,,,,,,,,
500,CC(=O)[O-].[Zn+2],,,,,,5.0,,,,,,,,,5.0,
501,CCNC(C)Cc1cccc(C(F)(F)F)c1.Cl,,,,,,,60.0,,,,,,,,,
502,O=C1CN(/N=C/c2ccc([N+](=O)[O-])o2)C(=O)N1,,,,,,,50.0,,50.0,,,,,50.0,50.0,
503,COc1cc(NS(=O)(=O)c2ccc(N)cc2)nc(OC)n1,,,,,,,5000.0,5000.0,5000.0,,,,,,5000.0,
504,CCOC(N)=O,,,,,,,3000.0,,,,,,,,,
505,Nc1nc(=O)n([C@@H]2CS[C@H](CO)O2)cc1F,,,,,,,,200.0,,,,200.0,200.0,200.0,,
506,C=C1[C@@H](n2cnc3c(=O)[nH]c(N)nc32)C[C@H](O)[C@H]1CO,,,,,,,,5.0,5.0,,,1.0,,,,
507,O=C([O-])CC(O)(CC(=O)[O-])C(=O)[O-].[Fe+3],,,,,,,,8000.0,,,,,,,,
508,CS(=O)(=O)O.O=C(NC1CCN(CCCCC2(C(=O)NCC(F)(F)F)c3ccccc3-c3ccccc32)CC1)c1ccccc1-c1ccc(C(F)(F)F)cc1,,,,,,,,60.0,,80.0,60.0,25.0,10.0,,60.0,60.0
509,COC(=O)C(c1ccccc1)C1CCCCN1.Cl,,,,,,,,54.0,,,72.0,,,,,100.0
510,CC1CS(=O)(=O)CCN1/N=C/c1ccc([N+](=O)[O-])o1,,,,,,,,20.0,,10.0,,10.0,,,,
511,Cc1cc2c(s1)Nc1ccccc1N=C2N1CCN(C)CC1.O.O=C(O)c1cc2ccccc2c(Cc2c(O)c(C(=O)O)cc3ccccc23)c1O,,,,,,,,40.0,1.0,,,,,40.0,40.0,40.0
512,Cc1ccc(S(=O)(=O)O)cc1.Cn1ncnc1[C@H]1c2n[nH]c(=O)c3cc(F)cc(c23)N[C@@H]1c1ccc(F)cc1,,,,,,,,1.0,1.0,,1.0,,1.0,1.0,1.0,
513,CC(C)OC(=O)OCOP(=O)(CO[C@H](C)Cn1cnc2c(N)ncnc21)OCOC(=O)OC(C)C.O=C(O)/C=C\C(=O)O,,,,,,,,245.0,245.0,,,,,,,
514,CC(C)OC(=O)OCOP(=O)(CO[C@H](C)Cn1cnc2c(N)ncnc21)OCOC(=O)OC(C)C.O=P(O)(O)O,,,,,,,,245.0,245.0,,,,,,,
515,Cc1cn([C@H]2C[C@H](N=[N+]=[N-])[C@@H](CO)O2)c(=O)[nH]c1=O,,,,,,,,500.0,500.0,,,3.0,,5.0,500.0,
516,CCCSc1ccc2[nH]c(NC(=O)OC)nc2c1,,,,,,,,,800.0,,,,,,,
517,CC1(C)S[C@@H]2[C@H](/N=C/N3CCCCCC3)C(=O)N2[C@H]1C(=O)O,,,,,,,,,60.0,,,,,,,
518,O=C(O)CCCCCCNC1c2ccccc2CCc2ccccc21,,,,,,,,,300.0,,,,,,,
519,Clc1ccc2c(c1)C(N1CCNCC1)=Nc1ccccc1O2,,,,,,,,,400.0,,,,,,,
520,COc1ccc(CCN2CCC(Nc3nc4ccccc4n3Cc3ccc(F)cc3)CC2)cc1,,,,,,,,,10.0,,,,,20.0,,
521,CCCC1C(=O)N2C(N(C)C)=Nc3ccc(C)cc3N2C1=O,,,,,,,,,1200.0,,,,,,,
522,O=C(Cn1ccnc1[N+](=O)[O-])NCc1ccccc1,,,,,,,,,5.0,,,,,,,
523,O=C(Nc1ccc(C(=O)[O-])c(O)c1)c1ccccc1.[Ca+2],,,,,,,,,15000.0,,,,,,,
524,Nc1ccc(C(=O)[O-])c(O)c1.[Ca+2],,,,,,,,,15000.0,,,15000.0,,,,
525,CCOc1nc2cccc(C(=O)OC(C)OC(=O)OC3CCCCC3)c2n1Cc1ccc(-c2ccccc2-c2nnn[nH]2)cc1,,,,,,,,,8.0,,,4.0,,,,
526,C=C(C)[C@@H]1CCC(C)=C[C@H]1c1c(O)cc(CCCCC)cc1O,,,,,,,,,10.0,,20.0,,,,,
527,CC(C)(C)NCC(O)COc1cccc2c1CCC(=O)N2.Cl,,,,,,,,,10.0,,,,,,10.0,
528,C=CC1=C(C(=O)O)N2C(=O)[C@@H](NC(=O)/C(=N\OCC(=O)O)c3csc(N)n3)[C@H]2SC1,,,,,,,,,400.0,,,,400.0,400.0,400.0,
529,NCc1ccccc1CC(=O)N[C@@H]1C(=O)N2C(C(=O)O)=C(CSc3nnnn3CC(=O)O)CS[C@H]12,,,,,,,,,4000.0,,,,,,,
530,CC(=O)O.CCO/N=C(\C(=O)N[C@@H]1C(=O)N2C(C(=O)[O-])=C(Sc3nc(-c4cc[n+](C)cc4)cs3)CS[C@H]12)c1nsc(NP(=O)(O)O)n1.O,,,,,,,,,12.0,12.0,,12.0,,,,600.0
531,Nc1nc(/C(=C/CC(=O)O)C(=O)N[C@@H]2C(=O)N3C(C(=O)O)=CCS[C@H]23)cs1.O,,,,,,,,,600.0,,,9.0,,,,
532,COCc1c(C(C)C)nc(C(C)C)c(/C=C/[C@@H](O)C[C@@H](O)CC(=O)[O-])c1-c1ccc(F)cc1.[Na+],,,,,,,,,8.0,,,,,,,
533,CN(C)CCCN1c2ccccc2Sc2ccc(Cl)cc21.Cl,,,,,,,,,3.0,,,3.0,,,3.0,
534,COc1cc(N)c(Cl)cc1C(=O)N[C@H]1CCN(CCCOc2ccc(F)cc2)C[C@H]1OC.O,,,,,,,,,20.0,,,,,,80.0,
535,CC[C@H]1OC(=O)[C@H](C)[C@@H](O[C@H]2C[C@@](C)(OC)[C@@H](O)[C@H](C)O2)[C@H](C)[C@@H](O[C@@H]2O[C@H](C)C[C@H](N(C)C)[C@H]2O)[C@](C)(OC)C[C@@H](C)C(=O)[C@H](C)[C@@H](O)[C@]1(C)O,,,,,,,,,3.0,,,,,500.0,,
536,CC(C)/N=c1\cc2n(-c3ccc(Cl)cc3)c3ccccc3nc-2cc1Nc1ccc(Cl)cc1,,,,,,,,,100.0,,,100.0,,,100.0,
537,CCN(CC)CCOc1ccc(/C(=C(\Cl)c2ccccc2)c2ccccc2)cc1.O=C(O)CC(O)(CC(=O)O)C(=O)O,,,,,,,,,100.0,,,,,,,
538,Clc1cccc(Cl)c1NC1=NCCN1,,,,,,,,,52.0,,,,,,,
539,COC(=O)[C@H](c1ccccc1Cl)N1CCc2sccc2C1.O=S(=O)(O)c1ccccc1,,,,,,,,,75.0,,,,,,75.0,
540,Clc1ccccc1C(c1ccccc1)(c1ccccc1)n1ccnc1,,,,,,,,,5.0,,,,,,5.0,
541,O=C1CN(/N=C/c2ccc(-c3ccc([N+](=O)[O-])cc3)o2)C([O-])=N1.[Na+],,,,,,,,,4.0,,,,,,,
542,CC(C)Nc1cccnc1N1CCN(C(=O)c2cc3cc(NS(C)(=O)=O)ccc3[nH]2)CC1.CS(=O)(=O)O,,,,,,,,,400.0,,,,,400.0,400.0,
543,CNCCCN1c2ccccc2CCc2ccccc21.Cl,,,,,,,,,200.0,,,,,,200.0,
544,COc1ccc([C@@H]2Sc3ccccc3N(CCN(C)C)C(=O)[C@@H]2OC(C)=O)cc1.Cl,,,,,,,,,360.0,,360.0,,,480.0,,360.0
545,COC(=O)/C=C/C(=O)OC,,,,,,,,,240.0,,,,,,,720.0
546,O=C1c2ccccc2C(=O)C1C(=O)C(c1ccccc1)c1ccccc1,,,,,,,,,30.0,,,,,,,
547,COc1cc2nc(N3CCN(C(=O)C4COc5ccccc5O4)CC3)nc(N)c2cc1OC.CS(=O)(=O)O,,,,,,,,,8.0,,,,,,8.0,
548,COc1ccc(C(=O)Nc2ccccc2CCC2CCCCN2C)cc1,,,,,,,,,150.0,,,400.0,,200.0,150.0,
549,NC(=O)OCC(COC(N)=O)c1ccccc1,,,,,,,,,3600.0,,,,,,,
550,CC(C(=O)[O-])c1cccc(Oc2ccccc2)c1.[Ca+2],,,,,,,,,1600.0,,,,,,1600.0,
551,OC(Cn1cncn1)(Cn1cncn1)c1ccc(F)cc1F,,,,,,,,,8.0,,,,,,,
552,COCCCC/C(=N\OCCN)c1ccc(C(F)(F)F)cc1.O=C(O)/C=C\C(=O)O,,,,,,,,,300.0,,,,,,,
553,CC(C)CN(C[C@@H](OP(=O)([O-])[O-])[C@H](Cc1ccccc1)NC(=O)O[C@H]1CCOC1)S(=O)(=O)c1ccc(N)cc1.[Ca+2],,,,,,,,,30.0,,,,,,,
554,CCC(=O)O[C@@H](O[P@@](=O)(CCCCc1ccccc1)CC(=O)N1C[C@H](C2CCCCC2)C[C@H]1C(=O)[O-])C(C)C.[Na+],,,,,,,,,40.0,,,40.0,,,,
555,O=C1NC(c2ccccc2)(c2ccccc2)C(=O)N1COP(=O)([O-])[O-].[Na+],,,,,,,,,12.0,,,,,,,
556,COc1c(N2CCNC(C)C2)c(F)cc2c(=O)c(C(=O)O)cn(C3CC3)c12,,,,,,,,,400.0,,,,400.0,,,
557,COC1=C(OC)C(=O)C(CCCCCCCCCCO)=C(C)C1=O,,,,,,,,,7.0,,,,,,,
558,CC1=C(/C=C/C(C)=C/C=C/C(C)=C\C(=O)O)C(C)(C)CCC1,,,,,,,,,1.0,,,,1.0,,,
559,CN1CCN(C2=Nc3ccccc3Oc3ccc(Cl)cc32)CC1.Cl,,,,,,,,,100.0,,100.0,,,,100.0,
560,Cc1cccc(Nc2ccccc2C(=O)O)c1C,,,,,,,,,4.0,,,,4.0,,4.0,
561,Cn1cc[nH]c1=S,,,,,,,,,15.0,,,,,,15.0,
562,CCOC(=O)Nc1ccc2c(c1)N(C(=O)CCN1CCOCC1)c1ccccc1S2.Cl,,,,,,,,,900.0,,,,,,900.0,
563,CCCc1c2oc(C(=O)[O-])cc(=O)c2cc2c(=O)cc(C(=O)[O-])n(CC)c12.[Na+],,,,,,,,,14.0,,,,14.0,,,
564,CS(=O)(=O)O.Cc1c(O)cccc1C(=O)N[C@@H](CSc1ccccc1)[C@H](O)CN1C[C@H]2CCCC[C@H]2C[C@H]1C(=O)NC(C)(C)C,,,,,,,,,1250.0,,,30.0,,,1250.0,
565,COCCOC(=O)C1=C(C)NC(C)=C(C(=O)OC(C)C)C1c1cccc([N+](=O)[O-])c1,,,,,,,,,4.0,,,,,,360.0,
566,Cc1nccn1CC1CCc2c(c3ccccc3n2C)C1=O.Cl,,,,,,,,,4.0,,,,,,,
567,O=C(O)CCc1nc(-c2ccccc2)c(-c2ccccc2)o1,,,,,,,,,1200.0,,,,1200.0,1200.0,1200.0,
568,CC(C)Oc1ccc(-c2nc(-c3cccc4c3CC[C@@H]4NCCO)no2)cc1C#N.Cl,,,,,,,,,1.0,1.0,,,,1.0,1.0,
569,Nc1ccc(C(=O)[O-])c(O)c1.[Na+],,,,,,,,,15000.0,,,15000.0,,,15000.0,
570,CCC1(C)OC(=O)N(C)C1=O,,,,,,,,,4.0,,,,,,,
571,CCC(=O)NS(=O)(=O)c1ccc(-c2c(-c3ccccc3)noc2C)cc1,,,,,,,,,40.0,,,,,,,
572,O=C1c2ccccc2C(=O)C1c1ccccc1,,,,,,,,,500.0,,,4.0,,,100.0,
573,CCCCC1C(=O)N(c2ccccc2)N(c2ccccc2)C1=O,,,,,,,,,100.0,,,,,,15.0,
574,O=C(O)c1ccccc1C(=O)Nc1ccc(S(=O)(=O)Nc2nccs2)cc1,,,,,,,,,6000.0,,,,,,,
575,Nc1cccc2c1C(=O)N(C1CCC(=O)NC1=O)C2=O,,,,,,,,,4.0,,,,,4.0,,
576,Nc1ccc(C(=O)[O-])c(O)c1.[K+],,,,,,,,,12000.0,,,12000.0,,,,
577,CC(C)NCC(O)COc1cccc2ccccc12.Cl,,,,,,,,,3.0,3.0,,,,,,
578,CO[C@H]1/C=C/O[C@@]2(C)Oc3c(C)c(O)c4c(O)c(c(/C=N/N5CCN(C)CC5)c(O)c4c3C2=O)NC(=O)/C(C)=C\C=C\[C@H](C)[C@H](O)[C@@H](C)[C@@H](O)[C@@H](C)[C@H](OC(C)=O)[C@@H]1C,,,,,,,,,600.0,,600.0,600.0,,16.0,600.0,
579,N#CC[C@H](C1CCCC1)n1cc(-c2ncnc3[nH]ccc23)cn1.O=P(O)(O)O,,,,,,,,,20.0,,,25.0,,,,
580,O=C(O)c1ccc2ccccc2c1O.OCc1cc(C(O)CNCCCCCCOCCCCc2ccccc2)ccc1O,,,,,,,,,100.0,,,,,,,
581,C=CC(=O)N1CCN(c2nc(=O)n(-c3c(C)ccnc3C(C)C)c3nc(-c4c(O)cccc4F)c(F)cc23)[C@@H](C)C1,,,,,,,,,960.0,,,,960.0,,,960.0
582,Nc1ccc(S(=O)(=O)Nc2ncccn2)cc1,,,,,,,,,150.0,,,,,,6000.0,
583,Nc1ccc(S(=O)([O-])=Nc2ncccn2)cc1.[Na+],,,,,,,,,0.0,,,,,,0.0,
584,CCc1nnc(NS(=O)(=O)c2ccc(N)cc2)s1,,,,,,,,,95000.0,,,,,,95000.0,
585,Cc1cc(NS(=O)(=O)c2ccc(N)cc2)no1,,,,,,,,,3000.0,,,,,,,
586,COc1ccc(NS(=O)(=O)c2ccc(N)cc2)nn1,,,,,,,,,2000.0,,,,,,,
587,Cc1noc(NS(=O)(=O)c2ccc(N)cc2)c1C,,,,,,,,,4000.0,,,,,,4000.0,
588,Cc1noc(NS(=O)(=O)c2ccc(N)cc2)c1C.OCCNCCO,,,,,,,,,4.0,,,,,,,
589,CCCCCCCCCCNCCN[C@@]1(C)C[C@H](O[C@H]2[C@H](Oc3c4cc5cc3Oc3ccc(cc3Cl)[C@@H](O)[C@@H](NC(=O)[C@@H](CC(C)C)NC)C(=O)N[C@@H](CC(N)=O)C(=O)N[C@H]5C(=O)N[C@H]3C(=O)N[C@H](C(=O)N[C@H](C(=O)O)c5cc(O)c(CNCP(=O)(O)O)c(O)c5-c5cc3ccc5O)[C@H](O)c3ccc(c(Cl)c3)O4)O[C@H](CO)[C@@H](O)[C@@H]2O)O[C@@H](C)[C@H]1O.Cl,,,,,,,,,10.0,10.0,,,,,,
590,CC(C)OC(=O)[C@H](C)N[P@@](=O)(CO[C@H](C)Cn1cnc2c(N)ncnc21)Oc1ccccc1.O=C(O)/C=C/C(=O)O,,,,,,,,,25.0,,,,,,,
591,O=C1CCC(N2C(=O)c3ccccc3C2=O)C(=O)N1,,,,,,,,,400.0,,,,,,,
592,Cc1cccc(C)c1NC(=O)C(C)N.Cl,,,,,,,,,800.0,,,,,,,
593,CN(C)CCOc1ccc(/C(=C(/CCCl)c2ccccc2)c2ccccc2)cc1.O=C(O)CC(O)(CC(=O)O)C(=O)O,,,,,,,,,60.0,,,,,,60.0,
594,CN1C(=O)OC(C)(C)C1=O,,,,,,,,,600.0,,,,,,1000.0,
595,CSCC[C@@H]1NC(=O)[C@H](CC(C)C)NC(=O)[C@H](CCCNC(=N)N)NC(=O)[C@H](CO)NC(=O)[C@@H]2CSSC[C@@H]3NC(=O)[C@H](CO)NC(=O)CNC(=O)[C@H]([C@@H](C)O)NC(=O)[C@H](CSSC[C@H](N)C(=O)N[C@@H](CCCCN)C(=O)NCC(=O)N[C@@H](CCCCN)C(=O)NCC(=O)N[C@@H](C)C(=O)N[C@@H](CCCCN)C(=O)N2)NC(=O)[C@H](CSSC[C@@H](C(N)=O)NC(=O)[C@H](CCCCN)NC(=O)CNC(=O)[C@H](CO)NC(=O)[C@H](CCCNC(=N)N)NC3=O)NC(=O)[C@H](CC(=O)O)NC(=O)[C@H](Cc2ccc(O)cc2)NC1=O,,,,,,,,,4.0,,,,,,,
596,CCCC1O[C@@H]2C[C@H]3[C@@H]4CCC5=CC(=O)C=C[C@]5(C)[C@H]4[C@@H](O)C[C@]3(C)[C@]2(C(=O)CO)O1,,,,,,,,,,9.0,,,,,9.0,
597,COc1c(OCCCN2CCOCC2)ccc2c1N=C(NC(=O)c1cnc(N)nc1)N1CCN=C21.Cl,,,,,,,,,,28.0,,,28.0,28.0,,
598,O=C(O)Cc1ccccc1Nc1c(Cl)cccc1Cl.OCCN1CCCC1,,,,,,,,,,180.0,,,,,,
599,C[N+]1(C)CCC(OC(=O)C(O)(c2ccccc2)C2CCCC2)C1.[Br-],,,,,,,,,,50.0,,,,,,
600,CC(C)(C)c1cc(C(C)(C)C)c(NC(=O)c2c[nH]c3ccccc3c2=O)cc1O,,,,,,,,,,12.0,,,,,,
601,Clc1ccc(C(c2ccccc2Cl)C(Cl)Cl)cc1,,,,,,,,,,6000.0,6000.0,,6000.0,,,
602,COc1ccc(CC(C)(C)NC[C@H](O)c2cc(O)cc3c2OCC(=O)N3)cc1.Cl,,,,,,,,,,10.0,,,,,,
603,CN[C@H](CC(C)C)C(=O)N[C@H]1C(=O)N[C@@H](CC(N)=O)C(=O)N[C@H]2C(=O)N[C@H]3C(=O)NC(C(=O)N[C@H](C(=O)O)c4cc(O)cc(O)c4-c4cc3ccc4O)[C@H](O[C@H]3C[C@](C)(N)[C@@H](O)[C@H](C)O3)c3ccc(c(Cl)c3)Oc3cc2cc(c3O[C@@H]2O[C@H](CO)[C@@H](O)[C@H](O)[C@H]2O[C@H]2C[C@](C)(NCc3ccc(-c4ccc(Cl)cc4)cc3)[C@@H](O)[C@H](C)O2)Oc2ccc(cc2Cl)[C@H]1O.O=P(O)(O)O,,,,,,,,,,200.0,,,,,,
604,Cl.Clc1ccc(CCCOCCCN2CCCCC2)cc1,,,,,,,,,,40.0,,,,,,
605,N[C@@H](CC(=O)N1CCn2c(nnc2C(F)(F)F)C1)Cc1cc(F)c(F)cc1F.O.O=P(O)(O)O,,,,,,,,,,100.0,,,,,,
606,CCCCCCCCCCC(=O)O[C@H]1CC[C@H]2[C@@H]3CCC4=CC(=O)CC[C@]4(C)[C@H]3CC[C@]12C,,,,,,,,,,200.0,,,,,,
607,COc1cc2nccc(Oc3ccc(NC(=O)Nc4cc(C)on4)c(Cl)c3)c2cc1OC.Cl,,,,,,,,,,34.0,,,,,,
608,Cl.N#Cc1ccc2[nH]cc(CCCCN3CCN(c4ccc5cc(C(N)=O)oc5c4)CC3)c2c1,,,,,,,,,,40.0,,,,,,
609,CCc1cc2c(cc1N1CCC(N3CCOCC3)CC1)C(C)(C)c1[nH]c3cc(C#N)ccc3c1C2=O.Cl,,,,,,,,,,,600.0,,600.0,28.0,,600.0
610,OC(O)C(Cl)(Cl)Cl,,,,,,,,,,,0.0,,,,,
611,Cl[Cr](Cl)Cl,,,,,,,,,,,0.0,,,,,
612,O=C(O)c1cc(-c2ccccc2)nc2ccccc12,,,,,,,,,,,1000.0,,,,8000.0,
613,C[C@H](Nc1ncnc2[nH]cnc12)c1cc2cccc(Cl)c2c(=O)n1-c1ccccc1,,,,,,,,,,,25.0,,25.0,25.0,,
614,CCCCC[C@H](O)/C=C/[C@H]1[C@H](O)C[C@@H]2O/C(=C\CCCC(=O)[O-])C[C@@H]21.[Na+],,,,,,,,,,,48000000.0,,,,48000000.0,
615,C=C[C@]1(C)C[C@@H](OC(=O)CS[C@@H]2CC[C@@H](N)C[C@H]2O)[C@]2(C)[C@H](C)CC[C@]3(CCC(=O)[C@H]32)[C@@H](C)[C@@H]1O.CC(=O)O,,,,,,,,,,,600.0,,,,,
616,C[C@](N)(Cc1ccc(O)c(O)c1)C(=O)O,,,,,,,,,,,2000.0,,,,2000.0,
617,CC(C)(O)c1ccccc1CC[C@@H](SCC1(CC(=O)[O-])CC1)c1cccc(/C=C/c2ccc3ccc(Cl)cc3n2)c1.[Na+],,,,,,,,,,,10.0,,,,,10.0
618,O=C1CC[C@@]2(O)[C@H]3Cc4ccc(O)c5c4[C@@]2(CCN3CC2CC2)[C@H]1O5,,,,,,,,,,,0.0,,,,,
619,CCOc1ccc(Cc2cc([C@@H]3O[C@H](SC)[C@@H](O)[C@H](O)[C@H]3O)ccc2Cl)cc1,,,,,,,,,,,400.0,,,,,
620,CCO,,,,,,,,,,,,300000.0,,,,
621,CS(=O)(=O)O.Cc1ccc(C(=O)Oc2ccc(C(O)CNC(C)(C)C)cc2OC(=O)c2ccc(C)cc2)cc1,,,,,,,,,,,,5.0,,,,
622,Cn1c(=O)c2c(ncn2C)n(C)c1=O.O=C(O)CC(O)(CC(=O)O)C(=O)O,,,,,,,,,,,,10.0,,,,
623,O=C1CN=C(c2ccccc2Cl)c2cc([N+](=O)[O-])ccc2N1,,,,,,,,,,,,20.0,,,,
624,COC(=O)[C@H]1[C@@H](OC(=O)c2ccccc2)C[C@@H]2CC[C@H]1N2C.Cl,,,,,,,,,,,,0.0,,,,
625,NCC1(CC(=O)O)CCCCC1,,,,,,,,,,,,1800.0,,,1800.0,
626,CN[C@@H]1[C@@H](O)[C@@H](O[C@@H]2[C@@H](O)[C@H](O[C@H]3O[C@H](CN)CC[C@H]3N)[C@@H](N)C[C@H]2N)OC[C@]1(C)O.CN[C@@H]1[C@@H](O)[C@@H](O[C@@H]2[C@@H](O)[C@H](O[C@H]3O[C@H]([C@@H](C)N)CC[C@H]3N)[C@@H](N)C[C@H]2N)OC[C@]1(C)O.CN[C@H](C)[C@@H]1CC[C@@H](N)[C@@H](O[C@@H]2[C@@H](N)C[C@@H](N)[C@H](O[C@H]3OC[C@](C)(O)[C@H](NC)[C@H]3O)[C@H]2O)O1.O=S(=O)(O)O,,,,,,,,,,,,3.0,,,,
627,COC(=O)C1=C(C)NC(C)=C(C(=O)OC(C)C)C1c1cccc2nonc12,,,,,,,,,,,,10.0,,,,
628,CC(=O)O[C@]1(C(C)=O)CC[C@H]2[C@@H]3C=C(C)C4=CC(=O)CC[C@]4(C)[C@H]3CC[C@@]21C,,,,,,,,,,,,1200.0,,,,
629,C[C@H]1C[C@H]2[C@@H]3CC[C@](O)(C(=O)CO)[C@@]3(C)C[C@H](O)[C@@H]2[C@@]2(C)C=CC(=O)C=C12,,,,,,,,,,,,36.0,,,,
630,CCc1nn(CCCN2CCN(c3cccc(Cl)c3)CC2)c(=O)n1CCOc1ccccc1.Cl,,,,,,,,,,,,600.0,,,,
631,CC(=O)Nc1ccc(OCC(O)CNC(C)C)cc1,,,,,,,,,,,,4.0,,,,
632,CC(=O)OCC(=O)[C@@]1(O)CC[C@H]2[C@@H]3CCC4=CC(=O)C=C[C@]4(C)[C@H]3[C@@H](O)C[C@@]21C,,,,,,,,,,,,60.0,,,,
633,O=[N+]([O-])c1cn2c(n1)OC[C@@H](OCc1ccc(OC(F)(F)F)cc1)C2,,,,,,,,,,,,200.0,,200.0,200.0,
634,CN[C@@H]1[C@H](O[C@H]2[C@H](O[C@@H]3[C@@H](NC(=N)N)[C@H](O)[C@@H](NC(=N)N)[C@H](O)[C@H]3O)O[C@@H](C)[C@]2(O)C=O)O[C@@H](CO)[C@H](O)[C@H]1O.O=S(=O)(O)O,,,,,,,,,,,,1000.0,,,,
635,O=C(O)COC(=O)Cc1ccccc1Nc1c(Cl)cccc1Cl,,,,,,,,,,,,,200.0,,,
636,CC(=O)Nc1ccc(O)cc1,,,,,,,,,,,,,4.0,,,8.0
637,NCC[C@H](O)C(=O)N[C@@H]1C[C@H](N)[C@@H](O[C@H]2O[C@H](CN)[C@@H](O)[C@H](O)[C@H]2O)[C@H](O)[C@H]1O[C@H]1O[C@H](CO)[C@@H](O)[C@H](N)[C@H]1O.O=S(=O)(O)O,,,,,,,,,,,,,7.0,,,
638,CCC1(c2ccc(N)cc2)CCC(=O)NC1=O,,,,,,,,,,,,,2000.0,,,
639,CC(C)c1ccc2oc3nc(N)c(C(=O)O)cc3c(=O)c2c1,,,,,,,,,,,,,2.0,,50.0,
640,CC(C)CN(C[C@@H](O)[C@H](Cc1ccccc1)NC(=O)O[C@H]1CCOC1)S(=O)(=O)c1ccc(N)cc1,,,,,,,,,,,,,600.0,2400.0,,
641,CN1C[C@@H]2c3ccccc3Oc3ccc(Cl)cc3[C@H]2C1.O=C(O)/C=C\C(=O)O,,,,,,,,,,,,,20.0,,,10.0
642,O=C(O)c1cccc(-c2noc(-c3ccccc3F)n2)c1,,,,,,,,,,,,,80.0,,,
643,CCS(=O)(=O)N1CC(CC#N)(n2cc(-c3ncnc4[nH]ccc34)cn2)C1,,,,,,,,,,,,,4.0,,,
644,CCC[C@@H]1CC(=O)N([C@@H](CC)C(N)=O)C1,,,,,,,,,,,,,4.0,,,
645,Nc1c(CC(=O)[O-])cccc1C(=O)c1ccc(Br)cc1.[Na+],,,,,,,,,,,,,50.0,,,
646,Br.CC(NC(C)(C)C)C(=O)c1cccc(Cl)c1,,,,,,,,,,,,,348.0,,,
647,O=C(O)/C=C/C(=O)O.O=C(c1ccc(F)c(F)c1Nc1ccc(I)cc1F)N1CC(O)([C@@H]2CCCCN2)C1,,,,,,,,,,,,,28.0,,,
648,CCC(C)CCCCC(=O)N[C@@H](CCNCS(=O)(=O)[O-])C(=O)N[C@H](C(=O)N[C@@H](CCNCS(=O)(=O)[O-])C(=O)N[C@H]1CCNC(=O)[C@H]([C@@H](C)O)NC(=O)[C@H](CCNCS(=O)(=O)[O-])NC(=O)[C@H](CCNCS(=O)(=O)[O-])NC(=O)[C@H](CC(C)C)NC(=O)[C@@H](CC(C)C)NC(=O)[C@H](CCNCS(=O)(=O)[O-])NC1=O)[C@@H](C)O.[Na+],,,,,,,,,,,,,250.0,,,
649,CNC[C@H](O)[C@@H](O)[C@H](O)[C@H](O)CO.Nc1nc(-n2cc(C(=O)O)c(=O)c3cc(F)c(N4CC(O)C4)c(Cl)c32)c(F)cc1F,,,,,,,,,,,,,12.0,,,
650,C[C@H]1c2cccc(O)c2C(=O)C2=C(O)[C@]3(O)C(=O)C(C(N)=O)=C(O)[C@@H](N(C)C)[C@@H]3[C@@H](O)[C@@H]21,,,,,,,,,,,,,40.0,,,
651,Cc1cnc(Nc2ccc(OCCN3CCCC3)cc2)nc1Nc1cccc(S(=O)(=O)NC(C)(C)C)c1.Cl,,,,,,,,,,,,,400.0,,,
652,CC1(C)S[C@@H]2[C@H](N3C(=O)[C@@H](c4ccccc4)NC3(C)C)C(=O)N2[C@H]1C(=O)O,,,,,,,,,,,,,250.0,,,
653,NNC(=O)c1ccncc1,,,,,,,,,,,,,300.0,,,
654,CC(C)C[C@H](NC(=O)CNC(=O)c1cc(Cl)ccc1Cl)B1OC(=O)C(CC(=O)O)(CC(=O)O)O1,,,,,,,,,,,,,28.0,,,
655,Cl.N[C@@H](Cc1ccc(N(CCCl)CCCl)cc1)C(=O)O,,,,,,,,,,,,,15.0,,,
656,C[N+]1(CC2CC2)CC[C@]23c4c5ccc(O)c4O[C@H]2C(=O)CC[C@@]3(O)[C@H]1C5.[Br-],,,,,,,,,,,,,12.0,,,
657,CCN(CC)CCNC(=O)c1cc(Cl)c(N)cc1OC.Cl,,,,,,,,,,,,,40.0,,40.0,
658,CCOc1cc2ncc(C#N)c(Nc3ccc(Cc4ccccn4)c(Cl)c3)c2cc1NC(O)/C=C/CN(C)C.O=C(O)/C=C\C(=O)O,,,,,,,,,,,,,240.0,,,
659,[N]=O,,,,,,,,,,,,,20.0,20.0,5.0,
660,COc1ccc(OC)c(Cc2cnc3nc(N)nc(N)c3c2C)c1,,,,,,,,,,,,,5.0,,,
661,COc1ccc(CN2C3CC2CN(c2ccc(-c4cc(OCC(C)(C)O)cn5ncc(C#N)c45)cn2)C3)cn1,,,,,,,,,,,,,160.0,,,
662,O.O[Si](O)(O)O.[Na+].[O-][Zr]([O-])(O)(O)(O)O,,,,,,,,,,,,,5000.0,,,
663,Cc1c(C(=O)Nc2ccc(N3C[C@H](C)O[C@H](C)C3)nc2)cccc1-c1ccc(OC(F)(F)F)cc1.O=P(O)(O)O,,,,,,,,,,,,,800.0,,,
664,CC[C@H](C)[C@H](NC(=O)[C@H](CCC(=O)O)NC(=O)[C@H](CO)NC(=O)[C@@H](NC(=O)[C@@H](N)CO)C(C)C)C(=O)N[C@@H](CCC(N)=O)C(=O)N[C@@H](CC(C)C)C(=O)N[C@@H](CCSC)C(=O)N[C@@H](Cc1c[nH]cn1)C(=O)N[C@@H](CC(N)=O)C(=O)N[C@@H](CC(C)C)C(=O)NCC(=O)N[C@@H](CCCCN)C(=O)N[C@@H](Cc1c[nH]cn1)C(=O)N[C@@H](CC(C)C)C(=O)N[C@@H](CC(N)=O)C(=O)N[C@@H](CO)C(=O)N[C@@H](CCSC)C(=O)N[C@@H](CCC(=O)O)C(=O)N[C@@H](CCCNC(=N)N)C(=O)N[C@H](C(=O)N[C@@H](CCC(=O)O)C(=O)N[C@@H](Cc1c[nH]c2ccccc12)C(=O)N[C@@H](CC(C)C)C(=O)N[C@@H](CCCNC(=N)N)C(=O)N[C@@H](CCCCN)C(=O)N[C@@H](CCCCN)C(=O)N[C@@H](CC(C)C)C(=O)N[C@@H](CCC(N)=O)C(=O)N[C@@H](CC(=O)O)C(=O)N[C@H](C(=O)N[C@@H](Cc1c[nH]cn1)C(=O)N[C@@H](CC(N)=O)C(=O)N[C@@H](Cc1ccccc1)C(=O)O)C(C)C)C(C)C,,,,,,,,,,,,,20.0,,,
665,Nc1ccncc1N,,,,,,,,,,,,,,175.0,175.0,
666,Nc1ccncc1N.O=P(O)(O)O,,,,,,,,,,,,,,175.0,175.0,
667,C[C@@H]1CC[C@H]2[C@@H](C)[C@@H](OC(=O)CCC(=O)O)O[C@@H]3O[C@@]4(C)CC[C@@H]1[C@@]23OO4,,,,,,,,,,,,,,4.0,4.0,
668,Nc1ncn([C@@H]2O[C@H](CO)[C@@H](O)[C@H]2O)c(=O)n1,,,,,,,,,,,,,,300.0,,
669,COc1nc2ccc(Br)cc2cc1[C@@H](c1ccccc1)[C@@](O)(CCN(C)C)c1cccc2ccccc12.O=C(O)/C=C/C(=O)O,,,,,,,,,,,,,,100.0,,
670,CSCCNc1nc(SCCC(F)(F)F)nc2c1ncn2[C@@H]1O[C@H](COP(=O)([O-])OP(=O)([O-])C(Cl)(Cl)P(=O)([O-])[O-])[C@@H](O)[C@H]1O.[Na+],,,,,,,,,,,,,,4000000.0,,
671,COc1ccccc1OCCNCC(O)COc1cccc2[nH]c3ccccc3c12,,,,,,,,,,,,,,25.0,,
672,CCC[C@@H]1C[C@@H](C(=O)N[C@H]([C@H](C)Cl)[C@H]2O[C@H](SC)[C@H](O)[C@@H](O)[C@H]2O)N(C)C1.O=P(O)(O)O,,,,,,,,,,,,,,100.0,2700.0,
673,Nc1nc(Cl)nc2c1ncn2[C@@H]1O[C@H](CO)[C@@H](O)[C@@H]1F,,,,,,,,,,,,,,370.0,,
674,CC(C)(C)c1nc(-c2cccc(NS(=O)(=O)c3c(F)cccc3F)c2F)c(-c2ccnc(N)n2)s1.CS(=O)(=O)O,,,,,,,,,,,,,,150.0,150.0,150.0
675,CCCCCCCCCC(=O)N[C@@H](Cc1c[nH]c2ccccc12)C(=O)N[C@@H](CC(N)=O)C(=O)N[C@@H](CC(=O)O)C(=O)N[C@@H]1C(=O)NCC(=O)N[C@@H](CCCN)C(=O)N[C@@H](CC(=O)O)C(=O)N[C@@H](C)C(=O)N[C@@H](CC(=O)O)C(=O)NCC(=O)N[C@H](CO)C(=O)N[C@@H]([C@H](C)CC(=O)O)C(=O)N[C@@H](CC(=O)c2ccccc2N)C(=O)O[C@@H]1C,,,,,,,,,,,,,,6.0,48.0,
676,CN(C)CC/C=C1/c2ccccc2COc2ccccc21.Cl,,,,,,,,,,,,,,6.0,6.0,
677,COc1cc2c(cc1Cc1cccc(Cl)c1F)c(=O)c(C(=O)O)cn2[C@H](CO)C(C)C,,,,,,,,,,,,,,150.0,,
678,CN(C)[C@@H]1C(O)=C(C(N)=O)C(=O)[C@@]2(O)C(O)=C3C(=O)c4c(O)c(NC(=O)CN5CCCC5)cc(F)c4C[C@H]3C[C@@H]12.Cl,,,,,,,,,,,,,,12.0,,
679,CNC[C@H](O)[C@@H](O)[C@H](O)[C@H](O)CO.O=C(O)CN1CCN2CCN(CC(=O)O)CC(=O)O[Gd](OC(=O)C2)OC(=O)C1,,,,,,,,,,,,,,2000000.0,,
680,CC(C)Cc1ccc(C(C)C(=O)O)cc1.NCCCC[C@H](N)C(=O)O,,,,,,,,,,,,,,5.0,5.0,
681,CN(C)C(=O)C(CCN1CCC(O)(c2ccc(Cl)cc2)CC1)(c1ccccc1)c1ccccc1.Cl,,,,,,,,,,,,,,8.0,8.0,
682,COc1ccc2[nH]cc(CCNC(C)=O)c2c1,,,,,,,,,,,,,,2.0,,
683,Cc1cc(OP(=O)([O-])[O-])c2ccccc2c1OP(=O)([O-])[O-].[Na+],,,,,,,,,,,,,,0.0,,
684,CC1(S(=O)(=O)[O-])CC(=O)c2ccccc2C1=O.[Na+],,,,,,,,,,,,,,10.0,,
685,C[C@]1(O)CC[C@H]2[C@@H]3CCC4=CC(=O)CC[C@]4(C)[C@H]3CC[C@@]21C,,,,,,,,,,,,,,10.0,10.0,
686,CO[C@@H]1[C@H](N(C)C(=O)c2ccccc2)C[C@H]2O[C@]1(C)n1c3ccccc3c3c4c(c5c6ccccc6n2c5c31)C(=O)NC4,,,,,,,,,,,,,,100.0,50.0,
687,CO[C@@H]1[C@@H](OC(N)=O)[C@@H](O)[C@H](Oc2ccc3c([O-])c(NC(=O)c4ccc(O)c(CC=C(C)C)c4)c(=O)oc3c2C)OC1(C)C.[Na+],,,,,,,,,,,,,,1000.0,1000.0,
688,CCN1C(=O)N(c2c(F)c(OC)cc(OC)c2F)Cc2cnc3[nH]c(CN4CCOCC4)cc3c21,,,,,,,,,,,,,,5.0,,
689,CCC(=O)NCC[C@@H]1CCc2ccc3c(c21)CCO3,,,,,,,,,,,,,,64.0,,
690,CCn1c(=O)c(-c2cc(NC(=O)Nc3ccccc3)c(F)cc2Br)cc2cnc(NC)cc21,,,,,,,,,,,,,,150.0,150.0,
691,CC(C)OC(=O)[C@H](C)NP(=O)(OC[C@H]1O[C@@H](n2ccc(=O)[nH]c2=O)[C@](C)(F)[C@@H]1O)Oc1ccccc1,,,,,,,,,,,,,,400.0,,
692,O=S(=O)(OC[C@H]1O[C@@H](O[C@]2(COS(=O)(=O)O[Al](O)O)O[C@H](OS(=O)(=O)O[Al](O)O)[C@@H](OS(=O)(=O)O[Al](O)O)[C@@H]2OS(=O)(=O)O[Al](O)O)[C@H](OS(=O)(=O)O[Al](O)O)[C@@H](OS(=O)(=O)O[Al](O)O)[C@@H]1OS(=O)(=O)O[Al](O)O)O[Al](O)O.O[Al](O)O,,,,,,,,,,,,,,1000.0,,
693,O=P([O-])(O)C(Sc1ccc(Cl)cc1)P(=O)([O-])O.[Na+],,,,,,,,,,,,,,200.0,,
694,CC1(C)O[C@@H]2C[C@H]3[C@@H]4CCC5=CC(=O)C=C[C@]5(C)[C@@]4(F)[C@@H](O)C[C@]3(C)[C@]2(C(=O)CO)O1,,,,,,,,,,,,,,200.0,,
695,C=CC(=O)N1CCC([C@@H]2CCNc3c(C(N)=O)c(-c4ccc(Oc5ccccc5)cc4)nn32)CC1,,,,,,,,,,,,,,320.0,,
696,C[C@H]1O[C@H](O[C@@H]2[C@@H](CO)O[C@H](O[C@@H]3[C@@H](CO)OC(O)[C@H](O)[C@H]3O)[C@H](O)[C@H]2O)[C@H](O)[C@@H](O)[C@@H]1N[C@H]1C=C(CO)[C@@H](O)[C@H](O)[C@H]1O,,,,,,,,,,,,,,,150.0,
697,CC(=O)c1ccc2c(c1)N(CCCN1CCN(CCO)CC1)c1ccccc1S2.O=C(O)/C=C\C(=O)O,,,,,,,,,,,,,,,20.0,
698,O=C(O[Al](OC(=O)c1cccnc1)OC(=O)c1cccnc1)c1cccnc1,,,,,,,,,,,,,,,70000.0,
699,CCOC(=O)C1=C(COCCN)NC(C)=C(C(=O)OC)C1c1ccccc1Cl.O=C(O)c1ccccc1,,,,,,,,,,,,,,,10.0,
700,NS(=O)(=O)c1cc2c(cc1Cl)N=C(CSCc1ccccc1)NS2(=O)=O,,,,,,,,,,,,,,,200.0,
701,C=CCc1cc(-c2cc(CC=C)c(O)c(CN(CC)CC)c2)cc(CN(CC)CC)c1O.Cl,,,,,,,,,,,,,,,4.0,
702,CCOC(=O)n1ccn(C)c1=S,,,,,,,,,,,,,,,40.0,
703,NC(=O)N[C@@H](CCC(=O)O)C(=O)O,,,,,,,,,,,,,,,250.0,
704,CO[C@@]1(NC(=O)Cc2cccs2)C(=O)N2C(C(=O)[O-])=C(COC(N)=O)CS[C@@H]21.[Na+],,,,,,,,,,,,,,,80.0,
705,C[C@H](CCC(=O)O)[C@H]1CC[C@H]2[C@H]3[C@H](CC[C@@]21C)[C@@]1(C)CC[C@@H](O)C[C@H]1C[C@H]3O,,,,,,,,,,,,,,,8.0,
706,COc1cc2c(c(OC)c1OC)-c1ccc(OC)c(=O)cc1[C@@H](NC(C)=O)CC2,,,,,,,,,,,,,,,5.0,6.0
707,CN1CCC(=C2c3ccccc3C=Cc3ccccc32)CC1.Cl,,,,,,,,,,,,,,,12.0,
708,NCCS.O=C(O)[C@H](O)[C@@H](O)C(=O)O,,,,,,,,,,,,,,,4.0,
709,CCC(=O)O[C@](Cc1ccccc1)(c1ccccc1)[C@H](C)CN(C)C,,,,,,,,,,,,,,,5.0,
710,CCN(CC)C(=S)SSC(=S)N(CC)CC,,,,,,,,,,,,,,,200.0,
711,CC(=O)[C@H]1CC[C@H]2[C@@H]3C=CC4=CC(=O)CC[C@@]4(C)[C@@H]3CC[C@]12C,,,,,,,,,,,,,,,15.0,
712,C=C(CC)C(=O)c1ccc(OCC(=O)O)c(Cl)c1Cl,,,,,,,,,,,,,,,50.0,
713,CCN(CC)CCN1C(=O)CN=C(c2ccccc2F)c2cc(Cl)ccc21.Cl,,,,,,,,,,,,,,,6.0,
714,O=C(Nc1cnn2ccc(N3CCCC3c3cc(F)ccc3F)nc12)N1CC[C@H](O)C1.O=S(=O)(O)O,,,,,,,,,,,,,,,600.0,
715,N[C@@H](C(=O)N[C@@H]1C(=O)N2C(C(=O)O)=C(Cl)CC[C@H]12)c1ccccc1.O,,,,,,,,,,,,,,,200.0,
716,CCCNS(=O)(=O)Nc1ncnc(OCCOc2ncc(Br)cn2)c1-c1ccc(Br)cc1,,,,,,,,,,,,,,,10.0,10.0
717,CN1CCc2c(c3ccccc3n2Cc2ccccc2)C1,,,,,,,,,,,,,,,50.0,
718,CCC(C)C(C)(COC(N)=O)COC(N)=O,,,,,,,,,,,,,,,10.0,
719,C[C@]12C=CC(=O)C=C1CC[C@@H]1[C@@H]2CC[C@@]2(C)[C@H]1CC[C@]2(C)O,,,,,,,,,,,,,,,5.0,
720,CN1C(CCl)Nc2cc(Cl)c(S(N)(=O)=O)cc2S1(=O)=O,,,,,,,,,,,,,,,10.0,
721,CCc1c(C)[nH]c2c1C(=O)C(CN1CCOCC1)CC2.Cl,,,,,,,,,,,,,,,100.0,
722,COc1ccc2cc([C@H](C)C(=O)O)ccc2c1,,,,,,,,,,,,,,,1000.0,
723,CC(C)[C@H]1CC[C@H](C(=O)N[C@H](Cc2ccccc2)C(=O)O)CC1,,,,,,,,,,,,,,,120.0,
724,O=C(O)c1cccnc1,,,,,,,,,,,,,,,70000.0,
725,CS(=O)(=O)Nc1ccc([N+](=O)[O-])cc1Oc1ccccc1,,,,,,,,,,,,,,,200.0,
726,CC[C@]1(O)CC[C@H]2[C@@H]3CCC4=CC(=O)CC[C@@H]4[C@H]3CC[C@@]21C,,,,,,,,,,,,,,,40.0,
727,C#C[C@]1(O)CC[C@H]2[C@@H]3CCC4=CC(=O)CC[C@@H]4[C@H]3CC[C@@]21C,,,,,,,,,,,,,,,5.0,
728,CO[C@H]1[C@@H](OC(N)=O)[C@@H](O)[C@H](Oc2ccc3c([O-])c(NC(=O)c4ccc(O)c(CC=C(C)C)c4)c(=O)oc3c2C)OC1(C)C.[Ca+2],,,,,,,,,,,,,,,6.0,
729,CCCCC1C(=O)N(c2ccccc2)N(c2ccc(O)cc2)C1=O,,,,,,,,,,,,,,,100.0,
730,COc1ccc(Cc2nccc3cc(OC)c(OC)cc23)cc1OC.Cl,,,,,,,,,,,,,,,600.0,
731,CO[C@H](C(=O)[C@@H](O)[C@@H](C)O)[C@@H]1Cc2cc3cc(O[C@H]4C[C@@H](O[C@H]5C[C@@H](O)[C@H](O)[C@@H](C)O5)[C@H](O)[C@@H](C)O4)c(C)c(O)c3c(O)c2C(=O)[C@H]1O[C@H]1C[C@@H](O[C@H]2C[C@@H](O[C@H]3C[C@](C)(O)[C@H](O)[C@@H](C)O3)[C@@H](O)[C@@H](C)O2)[C@H](O)[C@@H](C)O1,,,,,,,,,,,,,,,25000.0,
732,CCC(=O)O[C@](Cc1ccccc1)(c1ccccc1)[C@H](C)CN(C)C.Cl,,,,,,,,,,,,,,,150.0,
733,Cc1ncc(CSSCc2cnc(C)c(O)c2CO)c(CO)c1O,,,,,,,,,,,,,,,1.0,
734,C=C[C@H]1C[N@@]2CC[C@H]1C[C@@H]2[C@@H](O)c1ccnc2ccc(OC)cc12.O=S(=O)(O)O,,,,,,,,,,,,,,,2.0,
735,C[C@@H](NCCc1ccc(O)cc1)[C@@H](O)c1ccc(O)cc1.Cl,,,,,,,,,,,,,,,35.0,
736,O=C(O)CCC(=O)O.O=C(O[C@H]1CN2CCC1CC2)N1CCc2ccccc2[C@@H]1c1ccccc1,,,,,,,,,,,,,,,10.0,
737,Nc1ccc(S(=O)(=O)Nc2ccc(Cl)nn2)cc1,,,,,,,,,,,,,,,4.0,
738,Cc1ccnc(NS(=O)(=O)c2ccc(N)cc2)n1,,,,,,,,,,,,,,,500.0,
739,Cc1cc(NS(=O)(=O)c2ccc(N)cc2)nc(C)n1,,,,,,,,,,,,,,,1000.0,
740,O=S([O-])CNc1ccc(S(=O)(=O)c2ccc(NCS(=O)[O-])cc2)cc1.[Na+],,,,,,,,,,,,,,,330.0,
741,Nc1nc2nc[nH]c2c(=S)[nH]1,,,,,,,,,,,,,,,40.0,
742,CC(S)C(=O)NCC(=O)O,,,,,,,,,,,,,,,15.0,
743,C[C@H](CCC(=O)O)[C@H]1CC[C@H]2[C@@H]3[C@@H](O)C[C@@H]4C[C@H](O)CC[C@]4(C)[C@H]3CC[C@@]21C,,,,,,,,,,,,,,,250.0,
744,CC(O)CO.CCOc1ccc(Cc2cc([C@@H]3O[C@H](CO)[C@@H](O)[C@H](O)[C@H]3O)ccc2Cl)cc1,,,,,,,,,,,,,,,,10.0
745,COC(=O)/C=C/C(=O)OCCN1C(=O)CCC1=O,,,,,,,,,,,,,,,,462.0
746,CN1CC[C@@H](NC(=O)Nc2ccc(C#N)cc2)C[C@@H]1c1nc2ccccc2[nH]1.O=C(O)/C=C\C(=O)O,,,,,,,,,,,,,,,,300.0
747,COC(=O)/C=C/C(=O)O,,,,,,,,,,,,,,,,190.0
748,Cl.O=C1CC[C@@]2(O)[C@H]3Cc4ccc(O)c5c4[C@@]2(CCN3CC2CC2)[C@H]1O5,,,,,,,,,,,,,,,,300.0
749,CN(C)C(=O)Oc1cccc([N+](C)(C)C)c1.COS(=O)(=O)[O-],,,,,,,,,,,,,,,,80000000.0
750,COc1cc(C)c2c(Oc3cccc(C(F)(F)F)c3)c(OC)cc(NC(C)CCCN)c2n1.O=C(O)CCC(=O)O,,,,,,,,,,,,,,,,300.0
